strategy,time_step,mean_fraction,std_fraction,tau,seed_fraction
betweenness,0,0.002493411868341881,0.0,0.05,0.0025
betweenness,1,0.305136876367084,0.0,0.05,0.0025
betweenness,2,0.6202623308175256,0.0,0.05,0.0025
betweenness,3,0.9426515270281367,0.0,0.05,0.0025
betweenness,4,0.9927885153747956,0.0,0.05,0.0025
betweenness,5,0.9989026001657297,0.0,0.05,0.0025
betweenness,6,0.9997163184101886,0.0,0.05,0.0025
betweenness,7,0.9999402775600397,0.0,0.05,0.0025
betweenness,8,0.9999776040850149,0.0,0.05,0.0025
betweenness,9,1.0,0.0,0.05,0.0025
betweenness,10,1.0,0.0,0.05,0.0025
degree,0,0.002493411868341881,0.0,0.05,0.0025
degree,1,0.34080610363336394,0.0,0.05,0.0025
degree,2,0.6349839122677357,0.0,0.05,0.0025
degree,3,0.9216665546870917,0.0,0.05,0.0025
degree,4,0.9894440587370197,0.0,0.05,0.0025
degree,5,0.9982157921061866,0.0,0.05,0.0025
degree,6,0.9996342000552433,0.0,0.05,0.0025
degree,7,0.9999178816450545,0.0,0.05,0.0025
degree,8,0.9999626734750249,0.0,0.05,0.0025
degree,9,1.0,0.0,0.05,0.0025
degree,10,1.0,0.0,0.05,0.0025
random,0,0.002493411868341881,0.0,0.05,0.0025
random,1,0.021301501272834502,0.0016088389482549292,0.05,0.0025
random,2,0.04922398154576606,0.003842754496453741,0.05,0.0025
random,3,0.2322747530850373,0.019663264887909974,0.05,0.0025
random,4,0.6272453771098818,0.036040024132147325,0.05,0.0025
random,5,0.947000067187745,0.008523792741974822,0.05,0.0025
random,6,0.9932050793935187,0.0011468138369304722,0.05,0.0025
random,7,0.9989526177091965,0.00017150535195899487,0.05,0.0025
random,8,0.9998215792106186,6.200648754188581e-05,0.05,0.0025
random,9,0.9999559547005292,2.2928737691166495e-05,0.05,0.0025
random,10,0.9999888020425075,1.010807074696918e-05,0.05,0.0025
random,11,1.0,0.0,0.05,0.0025
random,12,1.0,0.0,0.05,0.0025
betweenness,0,0.004994289041678797,0.0,0.05,0.005
betweenness,1,0.449523340276067,0.0,0.05,0.005
betweenness,2,0.7965779041902757,0.0,0.05,0.005
betweenness,3,0.9737071958074847,0.0,0.05,0.005
betweenness,4,0.9963867923824028,0.0,0.05,0.005
betweenness,5,0.9994401021253724,0.0,0.05,0.005
betweenness,6,0.9997685755451539,0.0,0.05,0.005
betweenness,7,0.9999402775600397,0.0,0.05,0.005
betweenness,8,0.9999776040850149,0.0,0.05,0.005
betweenness,9,1.0,0.0,0.05,0.005
betweenness,10,1.0,0.0,0.05,0.005
degree,0,0.004994289041678797,0.0,0.05,0.005
degree,1,0.44796309153210456,0.0,0.05,0.005
degree,2,0.7521070823348488,0.0,0.05,0.005
degree,3,0.9574477615282972,0.0,0.05,0.005
degree,4,0.9939381723440311,0.0,0.05,0.005
degree,5,0.9989772532156801,0.0,0.05,0.005
degree,6,0.999813367375124,0.0,0.05,0.005
degree,7,0.9999402775600397,0.0,0.05,0.005
degree,8,0.9999776040850149,0.0,0.05,0.005
degree,9,1.0,0.0,0.05,0.005
degree,10,1.0,0.0,0.05,0.005
random,0,0.004994289041678797,0.0,0.05,0.005
random,1,0.03915253857696356,0.002304694404803873,0.05,0.005
random,2,0.0914358021096952,0.005337690693225318,0.05,0.005
random,3,0.42593148343075554,0.02671755857447846,0.05,0.005
random,4,0.8581539793808275,0.01607157166386539,0.05,0.005
random,5,0.9841354803550498,0.0020151605660464525,0.05,0.005
random,6,0.9977604085014893,0.0003777834457229842,0.05,0.005
random,7,0.9996155367927557,9.431464099719948e-05,0.05,0.005
random,8,0.9999104163400595,5.136071965677398e-05,0.05,0.005
random,9,0.999982083268012,2.1750687065284017e-05,0.05,0.005
random,10,0.9999977604085014,7.0822101636477975e-06,0.05,0.005
random,11,1.0,0.0,0.05,0.005
random,12,1.0,0.0,0.05,0.005
betweenness,0,0.009996043388352631,0.0,0.05,0.01
betweenness,1,0.5977917627824685,0.0,0.05,0.01
betweenness,2,0.8945451016401276,0.0,0.05,0.01
betweenness,3,0.9864504714340103,0.0,0.05,0.01
betweenness,4,0.9977230819765142,0.0,0.05,0.01
betweenness,5,0.9996640612752234,0.0,0.05,0.01
betweenness,6,0.9998357632901091,0.0,0.05,0.01
betweenness,7,0.9999402775600397,0.0,0.05,0.01
betweenness,8,0.9999776040850149,0.0,0.05,0.01
betweenness,9,1.0,0.0,0.05,0.01
betweenness,10,1.0,0.0,0.05,0.01
degree,0,0.009996043388352631,0.0,0.05,0.01
degree,1,0.5719170156696752,0.0,0.05,0.01
degree,2,0.8509253245541346,0.0,0.05,0.01
degree,3,0.9778653706897196,0.0,0.05,0.01
degree,4,0.9967152658021844,0.0,0.05,0.01
degree,5,0.9995446163953028,0.0,0.05,0.01
degree,6,0.9999104163400595,0.0,0.05,0.01
degree,7,0.9999776040850149,0.0,0.05,0.01
degree,8,1.0,0.0,0.05,0.01
degree,9,1.0,0.0,0.05,0.01
random,0,0.009996043388352631,0.0,0.05,0.01
random,1,0.07934126148723805,0.0038838802782960743,0.05,0.01
random,2,0.18883563637992432,0.008785050647205493,0.05,0.01
random,3,0.7045426380894791,0.014290629694397579,0.05,0.01
random,4,0.9625600023888976,0.003348135054712434,0.05,0.01
random,5,0.9951886109306995,0.0005502452541697429,0.05,0.01
random,6,0.9992422715430038,0.0001415676772438154,0.05,0.01
random,7,0.9998245653326168,8.36684231457177e-05,0.05,0.01
random,8,0.9999537151090309,3.084053538149368e-05,0.05,0.01
random,9,0.999989548573007,1.1239354888791558e-05,0.05,0.01
random,10,1.0,0.0,0.05,0.01
random,11,1.0,0.0,0.05,0.01
betweenness,0,0.019999552081700296,0.0,0.05,0.02
betweenness,1,0.7434622591505976,0.0,0.05,0.02
betweenness,2,0.9558053944293894,0.0,0.05,0.02
betweenness,3,0.995184878278202,0.0,0.05,0.02
betweenness,4,0.9992833307204766,0.0,0.05,0.02
betweenness,5,0.9997984367651341,0.0,0.05,0.02
betweenness,6,0.9999402775600397,0.0,0.05,0.02
betweenness,7,0.9999776040850149,0.0,0.05,0.02
betweenness,8,1.0,0.0,0.05,0.02
betweenness,9,1.0,0.0,0.05,0.02
degree,0,0.019999552081700296,0.0,0.05,0.02
degree,1,0.6931162422640778,0.0,0.05,0.02
degree,2,0.9154404903212321,0.0,0.05,0.02
degree,3,0.9888692302524019,0.0,0.05,0.02
degree,4,0.9982232574111816,0.0,0.05,0.02
degree,5,0.9996939224952035,0.0,0.05,0.02
degree,6,0.9999253469500496,0.0,0.05,0.02
degree,7,0.9999776040850149,0.0,0.05,0.02
degree,8,1.0,0.0,0.05,0.02
degree,9,1.0,0.0,0.05,0.02
random,0,0.019999552081700296,0.0,0.05,0.02
random,1,0.15429665628989273,0.006332767620401206,0.05,0.02
random,2,0.3675378677595873,0.016117852161113583,0.05,0.02
random,3,0.893915776429046,0.007453147426766088,0.05,0.02
random,4,0.9890215224743006,0.0009433577981476513,0.05,0.02
random,5,0.9984337790120416,0.00019841426877046655,0.05,0.02
random,6,0.9997379677946743,0.00010358885952290631,0.05,0.02
random,7,0.9999425171515381,5.696831585322011e-05,0.05,0.02
random,8,0.999979097146014,2.329047542909269e-05,0.05,0.02
random,9,0.9999972005106268,7.918151678428506e-06,0.05,0.02
random,10,1.0,0.0,0.05,0.02
random,11,1.0,0.0,0.05,0.02
betweenness,0,0.04999514755175323,0.0,0.05,0.05
betweenness,1,0.9035706553791256,0.0,0.05,0.05
betweenness,2,0.9916463237105552,0.0,0.05,0.05
betweenness,3,0.9994923592603374,0.0,0.05,0.05
betweenness,4,0.9999552081700298,0.0,0.05,0.05
betweenness,5,1.0,0.0,0.05,0.05
betweenness,6,1.0,0.0,0.05,0.05
degree,0,0.04999514755175323,0.0,0.05,0.05
degree,1,0.8201608026695929,0.0,0.05,0.05
degree,2,0.9635170544892612,0.0,0.05,0.05
degree,3,0.9950281068733065,0.0,0.05,0.05
degree,4,0.9991937470605363,0.0,0.05,0.05
degree,5,0.999783506155144,0.0,0.05,0.05
degree,6,0.9999253469500496,0.0,0.05,0.05
degree,7,0.9999776040850149,0.0,0.05,0.05
degree,8,1.0,0.0,0.05,0.05
degree,9,1.0,0.0,0.05,0.05
random,0,0.04999514755175323,0.0,0.05,0.05
random,1,0.3598142632117235,0.0055950022528238625,0.05,0.05
random,2,0.8025031167648354,0.007603723360898026,0.05,0.05
random,3,0.9854307107716886,0.00101495939547208,0.05,0.05
random,4,0.9980649929452868,0.000238027620364883,0.05,0.05
random,5,0.9997469261606684,8.892108316576334e-05,0.05,0.05
random,6,0.9999469963345353,4.919932404868751e-05,0.05,0.05
random,7,0.9999880555120079,2.1173642880899098e-05,0.05,0.05
random,8,0.9999977604085014,7.082210163672178e-06,0.05,0.05
random,9,1.0,0.0,0.05,0.05
random,10,1.0,0.0,0.05,0.05
betweenness,0,0.002493411868341881,0.0,0.1,0.0025
betweenness,1,0.20368338148455054,0.0,0.1,0.0025
betweenness,2,0.34985405328734703,0.0,0.1,0.0025
betweenness,3,0.7142355900950333,0.0,0.1,0.0025
betweenness,4,0.9250184766298627,0.0,0.1,0.0025
betweenness,5,0.9840093167006339,0.0,0.1,0.0025
betweenness,6,0.9935201152643092,0.0,0.1,0.0025
betweenness,7,0.9954013721230581,0.0,0.1,0.0025
betweenness,8,0.995998596522661,0.0,0.1,0.0025
betweenness,9,0.996035923047636,0.0,0.1,0.0025
betweenness,10,0.9960732495726112,0.0,0.1,0.0025
betweenness,11,0.9960732495726112,0.0,0.1,0.0025
degree,0,0.002493411868341881,0.0,0.1,0.0025
degree,1,0.23781475592185322,0.0,0.1,0.0025
degree,2,0.4024471269773727,0.0,0.1,0.0025
degree,3,0.7148850716296015,0.0,0.1,0.0025
degree,4,0.907863205751271,0.0,0.1,0.0025
degree,5,0.9784178032593521,0.0,0.1,0.0025
degree,6,0.9923032705501184,0.0,0.1,0.0025
degree,7,0.9949235926033758,0.0,0.1,0.0025
degree,8,0.9957522414578246,0.0,0.1,0.0025
degree,9,0.9959687353026808,0.0,0.1,0.0025
degree,10,0.9959762006076758,0.0,0.1,0.0025
degree,11,0.9959911312176659,0.0,0.1,0.0025
degree,12,0.9959911312176659,0.0,0.1,0.0025
random,0,0.002493411868341881,0.0,0.1,0.0025
random,1,0.011303964823482863,0.0010470416644998988,0.1,0.0025
random,2,0.01807798257597814,0.0017546844331341185,0.1,0.0025
random,3,0.04143020313094892,0.003996408091235828,0.1,0.0025
random,4,0.07984591610490246,0.009732603757638084,0.1,0.0025
random,5,0.17699416959679887,0.027620249820608914,0.1,0.0025
random,6,0.3778974715011982,0.05242616667811376,0.1,0.0025
random,7,0.6902219435175023,0.0554735148842667,0.1,0.0025
random,8,0.9071510156547445,0.028363478634629204,0.1,0.0025
random,9,0.9812814942554479,0.00587732019813926,0.1,0.0025
random,10,0.9937940919576269,0.0006054117389099425,0.1,0.0025
random,11,0.9956507133098922,0.00015243365546914147,0.1,0.0025
random,12,0.9960687703896143,0.00014557663766953208,0.1,0.0025
random,13,0.9961658193545497,0.00013927235152848242,0.1,0.0025
random,14,0.9961725381290453,0.00014147141436258304,0.1,0.0025
random,15,0.9962330070995051,0.000132559098195079,0.1,0.0025
random,16,0.9963569311624226,0.0,0.1,0.0025
betweenness,0,0.004994289041678797,0.0,0.1,0.005
betweenness,1,0.32450187752420623,0.0,0.1,0.005
betweenness,2,0.5474009540659783,0.0,0.1,0.005
betweenness,3,0.8727165498346435,0.0,0.1,0.005
betweenness,4,0.9713854859540285,0.0,0.1,0.005
betweenness,5,0.991616462490575,0.0,0.1,0.005
betweenness,6,0.9954237680380432,0.0,0.1,0.005
betweenness,7,0.9959314087777056,0.0,0.1,0.005
betweenness,8,0.9962972087224623,0.0,0.1,0.005
betweenness,9,0.9963345352474375,0.0,0.1,0.005
betweenness,10,0.9963345352474375,0.0,0.1,0.005
degree,0,0.004994289041678797,0.0,0.1,0.005
degree,1,0.3373571327256575,0.0,0.1,0.005
degree,2,0.544795562622711,0.0,0.1,0.005
degree,3,0.8306719521026033,0.0,0.1,0.005
degree,4,0.9550215374049106,0.0,0.1,0.005
degree,5,0.988891626167387,0.0,0.1,0.005
degree,6,0.9945801885736042,0.0,0.1,0.005
degree,7,0.995595470052929,0.0,0.1,0.005
degree,8,0.9959911312176659,0.0,0.1,0.005
degree,9,0.9959911312176659,0.0,0.1,0.005
random,0,0.004994289041678797,0.0,0.1,0.005
random,1,0.020147365120602,0.0012227096985920306,0.1,0.005
random,2,0.03257709793733623,0.002102690173121759,0.1,0.005
random,3,0.07554664695826148,0.007136744852593882,0.1,0.005
random,4,0.14969130963845528,0.01657980550222766,0.1,0.005
random,5,0.348792486917053,0.04026244699344795,0.1,0.005
random,6,0.6723888229453614,0.05129024348962192,0.1,0.005
random,7,0.9047397221413481,0.025789669042953545,0.1,0.005
random,8,0.9814494636178361,0.006201408134864693,0.1,0.005
random,9,0.9939919225399955,0.0007597661113207951,0.1,0.005
random,10,0.9958321202212715,0.00024310494411855,0.1,0.005
random,11,0.9963128858629519,0.000180970996848162,0.1,0.005
random,12,0.9964203862548805,0.00017702027675883054,0.1,0.005
random,13,0.9964383029868685,0.0001562154586376284,0.1,0.005
random,14,0.996434570334371,0.0001921210418262905,0.1,0.005
random,15,0.9965958209222637,0.0,0.1,0.005
betweenness,0,0.009996043388352631,0.0,0.1,0.01
betweenness,1,0.47391249169484817,0.0,0.1,0.01
betweenness,2,0.7386023455988294,0.0,0.1,0.01
betweenness,3,0.9457720245160616,0.0,0.1,0.01
betweenness,4,0.9862862347241197,0.0,0.1,0.01
betweenness,5,0.994326368203773,0.0,0.1,0.01
betweenness,6,0.9959836659126708,0.0,0.1,0.01
betweenness,7,0.996207625062522,0.0,0.1,0.01
betweenness,8,0.9963345352474375,0.0,0.1,0.01
betweenness,9,0.9963345352474375,0.0,0.1,0.01
degree,0,0.009996043388352631,0.0,0.1,0.01
degree,1,0.46423745642128206,0.0,0.1,0.01
degree,2,0.702194053138041,0.0,0.1,0.01
degree,3,0.9141937843870611,0.0,0.1,0.01
degree,4,0.9793136398587563,0.0,0.1,0.01
degree,5,0.9925944174449247,0.0,0.1,0.01
degree,6,0.9954461639530283,0.0,0.1,0.01
degree,7,0.9958194292027802,0.0,0.1,0.01
degree,8,0.9959911312176659,0.0,0.1,0.01
degree,9,0.9959911312176659,0.0,0.1,0.01
random,0,0.009996043388352631,0.0,0.1,0.01
random,1,0.04225735892439886,0.002065290864981253,0.1,0.01
random,2,0.06912125894903436,0.003674428545046269,0.1,0.01
random,3,0.16968787559815757,0.00902613298307094,0.1,0.01
random,4,0.36926608586593807,0.01883581090971189,0.1,0.01
random,5,0.7388613916821571,0.0199074451641938,0.1,0.01
random,6,0.9455816592386881,0.007477373481391197,0.1,0.01
random,7,0.988968518808836,0.0011959722533130027,0.1,0.01
random,8,0.9950602076847849,0.0004246126240863815,0.1,0.01
random,9,0.9963210976984465,0.00018393558121607037,0.1,0.01
random,10,0.9965719319462798,0.0001931961701669483,0.1,0.01
random,11,0.9966226960202459,0.00018840591982960227,0.1,0.01
random,12,0.9966301613252411,0.0001846546204441884,0.1,0.01
random,13,0.9965495360312946,0.0002178667119876276,0.1,0.01
betweenness,0,0.019999552081700296,0.0,0.1,0.02
betweenness,1,0.6410009480937344,0.0,0.1,0.02
betweenness,2,0.8780393122961039,0.0,0.1,0.02
betweenness,3,0.9781341216695407,0.0,0.1,0.02
betweenness,4,0.9935275805693042,0.0,0.1,0.02
betweenness,5,0.9958268945077752,0.0,0.1,0.02
betweenness,6,0.996215090367517,0.0,0.1,0.02
betweenness,7,0.9963345352474375,0.0,0.1,0.02
betweenness,8,0.9963345352474375,0.0,0.1,0.02
degree,0,0.019999552081700296,0.0,0.1,0.02
degree,1,0.6048614066127672,0.0,0.1,0.02
degree,2,0.8270960710099811,0.0,0.1,0.02
degree,3,0.9586272797175128,0.0,0.1,0.02
degree,4,0.9893096832471091,0.0,0.1,0.02
degree,5,0.9948564048584206,0.0,0.1,0.02
degree,6,0.9959612699976856,0.0,0.1,0.02
degree,7,0.9959762006076758,0.0,0.1,0.02
degree,8,0.9959911312176659,0.0,0.1,0.02
degree,9,0.9959911312176659,0.0,0.1,0.02
random,0,0.019999552081700296,0.0,0.1,0.02
random,1,0.08700663665614058,0.004151787759038988,0.1,0.02
random,2,0.14682089986786412,0.008160148236063149,0.1,0.02
random,3,0.3996013527132651,0.02696401699484313,0.1,0.02
random,4,0.7701365404283592,0.02971129435975816,0.1,0.02
random,5,0.9619508335013027,0.006357985801013764,0.1,0.02
random,6,0.9915343441356297,0.0011713420646243717,0.1,0.02
random,7,0.9961747777205439,0.0005089467079755016,0.1,0.02
random,8,0.9971303367599083,0.0003241505385474401,0.1,0.02
random,9,0.9972863616343046,0.00031467143645839166,0.1,0.02
random,10,0.9973304069337752,0.0002921808433603724,0.1,0.02
random,11,0.9972892648084694,0.00025732150583928796,0.1,0.02
random,12,0.9972714310243145,0.0002942409975889412,0.1,0.02
betweenness,0,0.04999514755175323,0.0,0.1,0.05
betweenness,1,0.8429747747344217,0.0,0.1,0.05
betweenness,2,0.9725724694482393,0.0,0.1,0.05
betweenness,3,0.9951400864482318,0.0,0.1,0.05
betweenness,4,0.9964241189073778,0.0,0.1,0.05
betweenness,5,0.9966331474472391,0.0,0.1,0.05
betweenness,6,0.9967749882421446,0.0,0.1,0.05
betweenness,7,0.9967749882421446,0.0,0.1,0.05
degree,0,0.04999514755175323,0.0,0.1,0.05
degree,1,0.7755257441042753,0.0,0.1,0.05
degree,2,0.9280717863728324,0.0,0.1,0.05
degree,3,0.9836061902309019,0.0,0.1,0.05
degree,4,0.9932065724545176,0.0,0.1,0.05
degree,5,0.9957074496278546,0.0,0.1,0.05
degree,6,0.9959687353026808,0.0,0.1,0.05
degree,7,0.9959762006076758,0.0,0.1,0.05
degree,8,0.9959911312176659,0.0,0.1,0.05
degree,9,0.9959911312176659,0.0,0.1,0.05
random,0,0.04999514755175323,0.0,0.1,0.05
random,1,0.2298164281501721,0.004958680138702834,0.1,0.05
random,2,0.40980941076347677,0.009479147460940224,0.1,0.05
random,3,0.8845669749837629,0.005912341623560608,0.1,0.05
random,4,0.9840488828171076,0.0011660332177397177,0.1,0.05
random,5,0.9959844124431705,0.00041507588085754553,0.1,0.05
random,6,0.9977619015624883,0.0004895808511601587,0.1,0.05
random,7,0.9980246802983135,0.0004700732092312631,0.1,0.05
random,8,0.9980605137622897,0.0004713702847238731,0.1,0.05
random,9,0.9981532701768531,0.00041986119048689004,0.1,0.05
betweenness,0,0.002493411868341881,0.0,0.15,0.0025
betweenness,1,0.1276343195001232,0.0,0.15,0.0025
betweenness,2,0.19944308824737034,0.0,0.15,0.0025
betweenness,3,0.37784148171373544,0.0,0.15,0.0025
betweenness,4,0.5968063425231238,0.0,0.15,0.0025
betweenness,5,0.8014004912170687,0.0,0.15,0.0025
betweenness,6,0.9234209013609253,0.0,0.15,0.0025
betweenness,7,0.9653161929930647,0.0,0.15,0.0025
betweenness,8,0.9777085992848239,0.0,0.15,0.0025
betweenness,9,0.9811575701925304,0.0,0.15,0.0025
betweenness,10,0.9827850066814479,0.0,0.15,0.0025
betweenness,11,0.9833299739460856,0.0,0.15,0.0025
betweenness,12,0.9835464677909416,0.0,0.15,0.0025
betweenness,13,0.9835987249259068,0.0,0.15,0.0025
betweenness,14,0.9835987249259068,0.0,0.15,0.0025
degree,0,0.002493411868341881,0.0,0.15,0.0025
degree,1,0.1526356259284973,0.0,0.15,0.0025
degree,2,0.2468179137458661,0.0,0.15,0.0025
degree,3,0.4410278231917165,0.0,0.15,0.0025
degree,4,0.637775936335879,0.0,0.15,0.0025
degree,5,0.8165550603569909,0.0,0.15,0.0025
degree,6,0.9230252401961883,0.0,0.15,0.0025
degree,7,0.9621210424551896,0.0,0.15,0.0025
degree,8,0.9759766485259755,0.0,0.15,0.0025
degree,9,0.9807992355527684,0.0,0.15,0.0025
degree,10,0.9822773659417855,0.0,0.15,0.0025
degree,11,0.9830910841862444,0.0,0.15,0.0025
degree,12,0.9833001127261054,0.0,0.15,0.0025
degree,13,0.9834643494359963,0.0,0.15,0.0025
degree,14,0.9835166065709615,0.0,0.15,0.0025
degree,15,0.9835166065709615,0.0,0.15,0.0025
random,0,0.002493411868341881,0.0,0.15,0.0025
random,1,0.007103237702776347,0.0008726445186250023,0.15,0.0025
random,2,0.009147238210417087,0.0011652523014791887,0.15,0.0025
random,3,0.013076228229304307,0.0016464799320941405,0.15,0.0025
random,4,0.016785738281337483,0.0021933581881777514,0.15,0.0025
random,5,0.021932319544915008,0.002795323287382433,0.15,0.0025
random,6,0.028275589199196732,0.0045531114875988305,0.15,0.0025
random,7,0.03710779153882332,0.006564931137575332,0.15,0.0025
random,8,0.04897016117593484,0.010258589533209099,0.15,0.0025
random,9,0.06651586750576695,0.016815184803068674,0.15,0.0025
random,10,0.09362238994274111,0.028626747480652887,0.15,0.0025
random,11,0.13612461087097713,0.05016990571238775,0.15,0.0025
random,12,0.20027994893731385,0.08011688110877112,0.15,0.0025
random,13,0.2942718714773092,0.113430991264435,0.15,0.0025
random,14,0.4281374810567885,0.14112367653163435,0.15,0.0025
random,15,0.587075317462095,0.14846146592060608,0.15,0.0025
random,16,0.7334423267862609,0.1246051208382469,0.15,0.0025
random,17,0.8371943890767657,0.0859878536200285,0.15,0.0025
random,18,0.9044612662650333,0.05545968644507413,0.15,0.0025
random,19,0.947090397378185,0.03673911310621811,0.15,0.0025
random,20,0.9706135734175421,0.020321552438002585,0.15,0.0025
random,21,0.9803416123565729,0.007296866294046368,0.15,0.0025
random,22,0.9833247482325891,0.0011721878648008768,0.15,0.0025
random,23,0.9838152187707628,0.0004733785680815279,0.15,0.0025
random,24,0.983902313995705,0.0002981919807208959,0.15,0.0025
random,25,0.9840628180530983,0.00027665645434594283,0.15,0.0025
random,26,0.9840824766895852,0.000296241889627233,0.15,0.0025
random,27,0.9837331004158175,0.0,0.15,0.0025
betweenness,0,0.004994289041678797,0.0,0.15,0.005
betweenness,1,0.2155532164266571,0.0,0.15,0.005
betweenness,2,0.3465693190895314,0.0,0.15,0.005
betweenness,3,0.6177091965092234,0.0,0.15,0.005
betweenness,4,0.8260509283106762,0.0,0.15,0.005
betweenness,5,0.9312146797757423,0.0,0.15,0.005
betweenness,6,0.9660552581875732,0.0,0.15,0.005
betweenness,7,0.9776787380648436,0.0,0.15,0.005
betweenness,8,0.9815532313572671,0.0,0.15,0.005
betweenness,9,0.9828596597313982,0.0,0.15,0.005
betweenness,10,0.983210529066165,0.0,0.15,0.005
betweenness,11,0.9833673004710606,0.0,0.15,0.005
betweenness,12,0.9835539330959367,0.0,0.15,0.005
betweenness,13,0.9836061902309019,0.0,0.15,0.005
betweenness,14,0.9836061902309019,0.0,0.15,0.005
degree,0,0.004994289041678797,0.0,0.15,0.005
degree,1,0.23413436055930065,0.0,0.15,0.005
degree,2,0.3707793031884318,0.0,0.15,0.005
degree,3,0.6038237292184572,0.0,0.15,0.005
degree,4,0.7923824027830657,0.0,0.15,0.005
degree,5,0.9115734623338037,0.0,0.15,0.005
degree,6,0.9592394347271058,0.0,0.15,0.005
degree,7,0.9748717833867102,0.0,0.15,0.005
degree,8,0.9806200682328876,0.0,0.15,0.005
degree,9,0.9822549700268004,0.0,0.15,0.005
degree,10,0.9830313617462842,0.0,0.15,0.005
degree,11,0.9832851821161153,0.0,0.15,0.005
degree,12,0.9834643494359963,0.0,0.15,0.005
degree,13,0.9835166065709615,0.0,0.15,0.005
degree,14,0.9835166065709615,0.0,0.15,0.005
random,0,0.004994289041678797,0.0,0.15,0.005
random,1,0.012439437713227775,0.0005527468973330228,0.15,0.005
random,2,0.016048166147827968,0.000665199682234201,0.15,0.005
random,3,0.022953573268235876,0.0009442687856025937,0.15,0.005
random,4,0.029693997148253493,0.001743749229815275,0.15,0.005
random,5,0.039654207072629954,0.003185657125093107,0.15,0.005
random,6,0.05256321247004546,0.005215093677724911,0.15,0.005
random,7,0.07068822646749233,0.008628031393001353,0.15,0.005
random,8,0.0973132367322867,0.013647231478152002,0.15,0.005
random,9,0.13809694445066553,0.023571158333611668,0.15,0.005
random,10,0.20552357916582684,0.04131919377141195,0.15,0.005
random,11,0.31638037222010706,0.07185156445405,0.15,0.005
random,12,0.47892843012101255,0.09984856432372435,0.15,0.005
random,13,0.6583712197561831,0.09498102181574414,0.15,0.005
random,14,0.8022478033340052,0.059251777393980826,0.15,0.005
random,15,0.884372877053892,0.03198691711619035,0.15,0.005
random,16,0.934419535210111,0.02378775936489875,0.15,0.005
random,17,0.9681627137876718,0.014218524777788216,0.15,0.005
random,18,0.9816525199137012,0.002357185206696338,0.15,0.005
random,19,0.9836853224638492,0.0007207720937005969,0.15,0.005
random,20,0.9842026681000051,0.00037252545143042696,0.15,0.005
random,21,0.9843586929744015,0.0002888042967437202,0.15,0.005
random,22,0.9843415227729129,0.00023802167398545137,0.15,0.005
random,23,0.9843751166453906,0.0002536556405311184,0.15,0.005
random,24,0.9839869207856486,0.0,0.15,0.005
betweenness,0,0.009996043388352631,0.0,0.15,0.01
betweenness,1,0.34510611931050444,0.0,0.15,0.01
betweenness,2,0.5410479795152031,0.0,0.15,0.01
betweenness,3,0.8090897553619552,0.0,0.15,0.01
betweenness,4,0.9247347950400513,0.0,0.15,0.01
betweenness,5,0.9662493561174441,0.0,0.15,0.01
betweenness,6,0.9772756115951117,0.0,0.15,0.01
betweenness,7,0.9816801415421829,0.0,0.15,0.01
betweenness,8,0.9825087903966316,0.0,0.15,0.01
betweenness,9,0.9833075780311005,0.0,0.15,0.01
betweenness,10,0.983412092301031,0.0,0.15,0.01
betweenness,11,0.9835613984009317,0.0,0.15,0.01
betweenness,12,0.983613655535897,0.0,0.15,0.01
betweenness,13,0.983613655535897,0.0,0.15,0.01
degree,0,0.009996043388352631,0.0,0.15,0.01
degree,1,0.34530021724037535,0.0,0.15,0.01
degree,2,0.5248781288959561,0.0,0.15,0.01
degree,3,0.7676349167245228,0.0,0.15,0.01
degree,4,0.8991511948220644,0.0,0.15,0.01
degree,5,0.954670668070144,0.0,0.15,0.01
degree,6,0.9738415712973953,0.0,0.15,0.01
degree,7,0.9803065254230962,0.0,0.15,0.01
degree,8,0.981933961912014,0.0,0.15,0.01
degree,9,0.9829417780863438,0.0,0.15,0.01
degree,10,0.9832851821161153,0.0,0.15,0.01
degree,11,0.9834643494359963,0.0,0.15,0.01
degree,12,0.9835166065709615,0.0,0.15,0.01
degree,13,0.9835166065709615,0.0,0.15,0.01
random,0,0.009996043388352631,0.0,0.15,0.01
random,1,0.02638612050495323,0.000971186480015228,0.15,0.01
random,2,0.03449717438205938,0.0015498895317592745,0.15,0.01
random,3,0.050753622539248845,0.003067999572794002,0.15,0.01
random,4,0.06839787089501541,0.004080592510794875,0.15,0.01
random,5,0.09757078975461543,0.006925184007739887,0.15,0.01
random,6,0.14190275693713467,0.011573222441774823,0.15,0.01
random,7,0.21734115697296813,0.021374510954522453,0.15,0.01
random,8,0.3456899061611162,0.035192732552353,0.15,0.01
random,9,0.539446671593768,0.04678897019594789,0.15,0.01
random,10,0.7403133935036916,0.039833608417325014,0.15,0.01
random,11,0.8651422513866803,0.025459435482632253,0.15,0.01
random,12,0.9315894380864931,0.0188480262462003,0.15,0.01
random,13,0.9706658305525073,0.008581775118234951,0.15,0.01
random,14,0.9820489276089376,0.0013529042330557392,0.15,0.01
random,15,0.9842534321739714,0.00065333670137591,0.15,0.01
random,16,0.9848409516770807,0.0006441077378453836,0.15,0.01
random,17,0.9850380357289497,0.0005951137951758851,0.15,0.01
random,18,0.9850873067419169,0.0005680525375495321,0.15,0.01
random,19,0.9849371474643025,0.000584883568501249,0.15,0.01
betweenness,0,0.019999552081700296,0.0,0.15,0.02
betweenness,1,0.5121049920494501,0.0,0.15,0.02
betweenness,2,0.7320403425081932,0.0,0.15,0.02
betweenness,3,0.912051241853486,0.0,0.15,0.02
betweenness,4,0.960583189626212,0.0,0.15,0.02
betweenness,5,0.9769919300053005,0.0,0.15,0.02
betweenness,6,0.9815457660522722,0.0,0.15,0.02
betweenness,7,0.9832329249811501,0.0,0.15,0.02
betweenness,8,0.9834792800459862,0.0,0.15,0.02
betweenness,9,0.9835613984009317,0.0,0.15,0.02
betweenness,10,0.983613655535897,0.0,0.15,0.02
betweenness,11,0.983613655535897,0.0,0.15,0.02
degree,0,0.019999552081700296,0.0,0.15,0.02
degree,1,0.48776063246063917,0.0,0.15,0.02
degree,2,0.691078214000433,0.0,0.15,0.02
degree,3,0.8734556150291521,0.0,0.15,0.02
degree,4,0.946055706105873,0.0,0.15,0.02
degree,5,0.9718259389487358,0.0,0.15,0.02
degree,6,0.9794704112636522,0.0,0.15,0.02
degree,7,0.9821952475868402,0.0,0.15,0.02
degree,8,0.9830537576612691,0.0,0.15,0.02
degree,9,0.983427022911021,0.0,0.15,0.02
degree,10,0.9834643494359963,0.0,0.15,0.02
degree,11,0.9835166065709615,0.0,0.15,0.02
degree,12,0.9835166065709615,0.0,0.15,0.02
random,0,0.019999552081700296,0.0,0.15,0.02
random,1,0.05393085634513598,0.0021082458363687728,0.15,0.02
random,2,0.07237538539637037,0.003498938623716921,0.15,0.02
random,3,0.11422663172903928,0.006621637158301724,0.15,0.02
random,4,0.16985957761304338,0.012629522157239252,0.15,0.02
random,5,0.28019827850066814,0.026220500643313667,0.15,0.02
random,6,0.4696356184631923,0.04349341880819741,0.15,0.02
random,7,0.7131352041387651,0.04549052696324827,0.15,0.02
random,8,0.8765387859921017,0.031943608660694574,0.15,0.02
random,9,0.9486640836711384,0.02191316712946391,0.15,0.02
random,10,0.9770658365247511,0.0065480578967370305,0.15,0.02
random,11,0.9844199084753609,0.0012567508313481128,0.15,0.02
random,12,0.9863034049256083,0.0006821040454313635,0.15,0.02
random,13,0.986864795861235,0.0005805711373672365,0.15,0.02
random,14,0.987005890125641,0.0005476615223858854,0.15,0.02
random,15,0.9870469493031138,0.0005568809521133092,0.15,0.02
random,16,0.9871255482999901,0.00044276364867094567,0.15,0.02
random,17,0.9868187598137655,0.0001925604963149241,0.15,0.02
random,18,0.9866594999738715,0.0,0.15,0.02
betweenness,0,0.04999514755175323,0.0,0.15,0.05
betweenness,1,0.7415138145468934,0.0,0.15,0.05
betweenness,2,0.9056236142527603,0.0,0.15,0.05
betweenness,3,0.9702134330698081,0.0,0.15,0.05
betweenness,4,0.9800153785282898,0.0,0.15,0.05
betweenness,5,0.9837256351108226,0.0,0.15,0.05
betweenness,6,0.984472165610326,0.0,0.15,0.05
betweenness,7,0.9847259859801574,0.0,0.15,0.05
betweenness,8,0.9847782431151225,0.0,0.15,0.05
betweenness,9,0.9847782431151225,0.0,0.15,0.05
degree,0,0.04999514755175323,0.0,0.15,0.05
degree,1,0.691085679305428,0.0,0.15,0.05
degree,2,0.8545236015617418,0.0,0.15,0.05
degree,3,0.9467126529454359,0.0,0.15,0.05
degree,4,0.9717214246788053,0.0,0.15,0.05
degree,5,0.9795823908385778,0.0,0.15,0.05
degree,6,0.9822699006367905,0.0,0.15,0.05
degree,7,0.983210529066165,0.0,0.15,0.05
degree,8,0.983412092301031,0.0,0.15,0.05
degree,9,0.9835166065709615,0.0,0.15,0.05
degree,10,0.9835166065709615,0.0,0.15,0.05
random,0,0.04999514755175323,0.0,0.15,0.05
random,1,0.1461064701798392,0.0033885654495826047,0.15,0.05
random,2,0.2111061342411144,0.006159837282977294,0.15,0.05
random,3,0.4133599098191157,0.014722856654822591,0.15,0.05
random,4,0.7186625159570894,0.01961653622523311,0.15,0.05
random,5,0.9235993221503065,0.008300851069192646,0.15,0.05
random,6,0.977221114868648,0.0016492526055149313,0.15,0.05
random,7,0.9873642247654028,0.0009295575499349591,0.15,0.05
random,8,0.989825535822266,0.000786616699360314,0.15,0.05
random,9,0.9905578822422789,0.0006466752674955535,0.15,0.05
random,10,0.9907430218061559,0.0006453543997691984,0.15,0.05
random,11,0.9907721364956366,0.0006514801717514229,0.15,0.05
random,12,0.9906992964483278,0.0006677509601217331,0.15,0.05
random,13,0.9903846871663942,0.0007113225284882872,0.15,0.05
betweenness,0,0.002493411868341881,0.0,0.2,0.0025
betweenness,1,0.09779549543496599,0.0,0.2,0.0025
betweenness,2,0.1383395668630042,0.0,0.2,0.0025
betweenness,3,0.21946503624405572,0.0,0.2,0.0025
betweenness,4,0.3264727180428956,0.0,0.2,0.0025
betweenness,5,0.470097720842385,0.0,0.2,0.0025
betweenness,6,0.6183661433487865,0.0,0.2,0.0025
betweenness,7,0.7485759930721969,0.0,0.2,0.0025
betweenness,8,0.8349197106447784,0.0,0.2,0.0025
betweenness,9,0.8906706083477041,0.0,0.2,0.0025
betweenness,10,0.9315954103304891,0.0,0.2,0.0025
betweenness,11,0.9508409666076908,0.0,0.2,0.0025
betweenness,12,0.9573880390883369,0.0,0.2,0.0025
betweenness,13,0.9591349204571753,0.0,0.2,0.0025
betweenness,14,0.9600904794965398,0.0,0.2,0.0025
betweenness,15,0.9606578426761626,0.0,0.2,0.0025
betweenness,16,0.960978850790949,0.0,0.2,0.0025
betweenness,17,0.9611430875008399,0.0,0.2,0.0025
betweenness,18,0.9611430875008399,0.0,0.2,0.0025
degree,0,0.002493411868341881,0.0,0.2,0.0025
degree,1,0.11575701925302158,0.0,0.2,0.0025
degree,2,0.17171694549580824,0.0,0.2,0.0025
degree,3,0.2803147372585907,0.0,0.2,0.0025
degree,4,0.40288011466708473,0.0,0.2,0.0025
degree,5,0.542720207834091,0.0,0.2,0.0025
degree,6,0.6833889498555463,0.0,0.2,0.0025
degree,7,0.8077683963778342,0.0,0.2,0.0025
degree,8,0.8895806738184289,0.0,0.2,0.0025
degree,9,0.9287959209573508,0.0,0.2,0.0025
degree,10,0.9464289713556248,0.0,0.2,0.0025
degree,11,0.9534164968309782,0.0,0.2,0.0025
degree,12,0.9569027942636597,0.0,0.2,0.0025
degree,13,0.9588512388673639,0.0,0.2,0.0025
degree,14,0.9596425611968377,0.0,0.2,0.0025
degree,15,0.9600083611415945,0.0,0.2,0.0025
degree,16,0.9602771121214158,0.0,0.2,0.0025
degree,17,0.9605981202362022,0.0,0.2,0.0025
degree,18,0.960762356946093,0.0,0.2,0.0025
degree,19,0.960762356946093,0.0,0.2,0.0025
random,0,0.002493411868341881,0.0,0.2,0.0025
random,1,0.005925959105059237,0.0007014897818966686,0.2,0.0025
random,2,0.007060685464304645,0.0009041193590212575,0.2,0.0025
random,3,0.008676177465230342,0.0011844051375596465,0.2,0.0025
random,4,0.009789254439990146,0.0013945543631070521,0.2,0.0025
random,5,0.011055370167148179,0.0017217433020580365,0.2,0.0025
random,6,0.012287892021828551,0.0019044219188456921,0.2,0.0025
random,7,0.013427844094570485,0.0021322912930577215,0.2,0.0025
random,8,0.01447000067187745,0.002451402899442236,0.2,0.0025
random,9,0.015508424596686898,0.002533224872766517,0.2,0.0025
random,10,0.01654610199099684,0.002615301854300097,0.2,0.0025
random,11,0.017633050398274022,0.002814832491856379,0.2,0.0025
random,12,0.01884392286846879,0.0031043040594529565,0.2,0.0025
random,13,0.020097347577135265,0.0035932716169991916,0.2,0.0025
random,14,0.021323150657320107,0.004158489908257181,0.2,0.0025
random,15,0.022458623547065015,0.004696612648108255,0.2,0.0025
random,16,0.023856875172635177,0.005429337542445554,0.2,0.0025
random,17,0.025103581106806116,0.006208987957446239,0.2,0.0025
random,18,0.02670936821123827,0.007211183911572128,0.2,0.0025
random,19,0.028525676916530424,0.008595585763866102,0.2,0.0025
random,20,0.030697334139586273,0.010460914881009633,0.2,0.0025
random,21,0.03336842026681,0.012979922548419415,0.2,0.0025
random,22,0.036464282248251254,0.016047472686721135,0.2,0.0025
random,23,0.04062544325248408,0.02072225458634025,0.2,0.0025
random,24,0.045279314386389255,0.026367028890457063,0.2,0.0025
random,25,0.05050054869991714,0.0328238959554793,0.2,0.0025
random,26,0.05627570864407666,0.04029929954009409,0.2,0.0025
random,27,0.06274066276977747,0.049233881963560856,0.2,0.0025
random,28,0.07056803505707225,0.060928054669525354,0.2,0.0025
random,29,0.08050808865796213,0.07730050431186751,0.2,0.0025
random,30,0.09278776884429614,0.09721516810443774,0.2,0.0025
random,31,0.1072652348211686,0.11921568228181159,0.2,0.0025
random,32,0.12485423991997194,0.1447269615778541,0.2,0.0025
random,33,0.14487693444715682,0.1702620613213216,0.2,0.0025
random,34,0.16744007226415233,0.1946036496227739,0.2,0.0025
random,35,0.193491747105328,0.21920796869277992,0.2,0.0025
random,36,0.24573959191324984,0.24398021639535783,0.2,0.0025
random,37,0.2830495273217721,0.26399659154558847,0.2,0.0025
random,38,0.3233372899449807,0.2826028153021982,0.2,0.0025
random,39,0.36569211257348144,0.297672902756788,0.2,0.0025
random,40,0.4108505719667843,0.3110261906212905,0.2,0.0025
random,41,0.4583655793035202,0.3229851230463022,0.2,0.0025
random,42,0.510102631354115,0.33600380995446444,0.2,0.0025
random,43,0.5604312291956466,0.3476236576870029,0.2,0.0025
random,44,0.6072959255194815,0.3561546784282881,0.2,0.0025
random,45,0.6462490575052444,0.3639144783025871,0.2,0.0025
random,46,0.6783556753322268,0.3734127563233692,0.2,0.0025
random,47,0.7004944520341713,0.38174754179619264,0.2,0.0025
random,48,0.6835998447216561,0.402515330888924,0.2,0.0025
random,49,0.6992312602181362,0.41131613239116066,0.2,0.0025
random,50,0.7117608414891791,0.418276640008013,0.2,0.0025
random,51,0.6851912877757763,0.44375473596586223,0.2,0.0025
random,52,0.6926267315508319,0.4478159864604759,0.2,0.0025
random,53,0.6972178941227787,0.4498350675999618,0.2,0.0025
random,54,0.6544584045647851,0.47580771066569916,0.2,0.0025
random,55,0.5940187976379775,0.5035592601684464,0.2,0.0025
random,56,0.5030551760692183,0.5298359733849481,0.2,0.0025
random,57,0.04715833165363971,0.02884318718060287,0.2,0.0025
random,58,0.05048785768142557,0.03353073297422939,0.2,0.0025
random,59,0.05465723052115294,0.03941655905519063,0.2,0.0025
random,60,0.05903189924824379,0.04557160229321826,0.2,0.0025
random,61,0.06474285756944599,0.05362700193406744,0.2,0.0025
random,62,0.07190208505968511,0.06374112101130665,0.2,0.0025
random,63,0.08111053877106149,0.07674272606727753,0.2,0.0025
random,64,0.0927788104783021,0.09323359662954023,0.2,0.0025
random,65,0.10945256918471404,0.1167505071144571,0.2,0.0025
random,66,0.1328637656491456,0.14981670852355236,0.2,0.0025
random,67,0.16462117309802693,0.19464400455899883,0.2,0.0025
random,68,0.20372817331452076,0.24994965464889193,0.2,0.0025
random,69,0.48216911901935755,0.0,0.2,0.0025
random,70,0.592446604406023,0.0,0.2,0.0025
random,71,0.6955424663874643,0.0,0.2,0.0025
random,72,0.7812143065104925,0.0,0.2,0.0025
random,73,0.8338521720304883,0.0,0.2,0.0025
random,74,0.8682970892775824,0.0,0.2,0.0025
random,75,0.8909916164624906,0.0,0.2,0.0025
random,76,0.9116929072137242,0.0,0.2,0.0025
random,77,0.9375825849365076,0.0,0.2,0.0025
random,78,0.9567908146887341,0.0,0.2,0.0025
random,79,0.960538397796242,0.0,0.2,0.0025
random,80,0.961180414025815,0.0,0.2,0.0025
random,81,0.9614491650056363,0.0,0.2,0.0025
random,82,0.9615760751905519,0.0,0.2,0.0025
random,83,0.961583540495547,0.0,0.2,0.0025
random,84,0.9616805894604824,0.0,0.2,0.0025
random,85,0.9617701731204228,0.0,0.2,0.0025
random,86,0.9617701731204228,0.0,0.2,0.0025
betweenness,0,0.004994289041678797,0.0,0.2,0.005
betweenness,1,0.16821571745313654,0.0,0.2,0.005
betweenness,2,0.24860958694467464,0.0,0.2,0.005
betweenness,3,0.4137719946548416,0.0,0.2,0.005
betweenness,4,0.5855337319806201,0.0,0.2,0.005
betweenness,5,0.7508305151806977,0.0,0.2,0.005
betweenness,6,0.8613692862421894,0.0,0.2,0.005
betweenness,7,0.9181877225594052,0.0,0.2,0.005
betweenness,8,0.9426142005031617,0.0,0.2,0.005
betweenness,9,0.9526251745015044,0.0,0.2,0.005
betweenness,10,0.9569475860936298,0.0,0.2,0.005
betweenness,11,0.958873634782349,0.0,0.2,0.005
betweenness,12,0.9598889162616737,0.0,0.2,0.005
betweenness,13,0.9605160018812569,0.0,0.2,0.005
betweenness,14,0.9608220793860534,0.0,0.2,0.005
betweenness,15,0.9611281568908497,0.0,0.2,0.005
betweenness,16,0.9611505528058348,0.0,0.2,0.005
betweenness,17,0.9611505528058348,0.0,0.2,0.005
degree,0,0.004994289041678797,0.0,0.2,0.005
degree,1,0.18486334759206588,0.0,0.2,0.005
degree,2,0.2768433704358992,0.0,0.2,0.005
degree,3,0.43398804058139795,0.0,0.2,0.005
degree,4,0.5884004090987137,0.0,0.2,0.005
degree,5,0.7344516360215897,0.0,0.2,0.005
degree,6,0.8453263458078579,0.0,0.2,0.005
degree,7,0.9093861279702582,0.0,0.2,0.005
degree,8,0.938515748060887,0.0,0.2,0.005
degree,9,0.9503930483079885,0.0,0.2,0.005
degree,10,0.9553948026546625,0.0,0.2,0.005
degree,11,0.9584182511776518,0.0,0.2,0.005
degree,12,0.9595828387568774,0.0,0.2,0.005
degree,13,0.9602696468164208,0.0,0.2,0.005
degree,14,0.9605682590162221,0.0,0.2,0.005
degree,15,0.960762356946093,0.0,0.2,0.005
degree,16,0.960762356946093,0.0,0.2,0.005
random,0,0.004994289041678797,0.0,0.2,0.005
random,1,0.010447694340552283,0.0004837334584860462,0.2,0.005
random,2,0.012313274058811673,0.0006115396724880579,0.2,0.005
random,3,0.014799967152658022,0.0007298139079257253,0.2,0.005
random,4,0.01651026852702067,0.0008534512199833665,0.2,0.005
random,5,0.01843407762424134,0.0012076375303350306,0.2,0.005
random,6,0.020187677767575192,0.0013574991105558556,0.2,0.005
random,7,0.021853933842467137,0.0017613803160352493,0.2,0.005
random,8,0.023465693190895316,0.0022617808557471477,0.2,0.005
random,9,0.025152852119773354,0.002693516917776584,0.2,0.005
random,10,0.026902719610609693,0.003425475260491054,0.2,0.005
random,11,0.02878173687786014,0.00429691582460679,0.2,0.005
random,12,0.030942196143423438,0.0056265774779401785,0.2,0.005
random,13,0.03322807253290333,0.006848973310328231,0.2,0.005
random,14,0.035898412129627556,0.008652774103334442,0.2,0.005
random,15,0.038627727635812556,0.01034196582087796,0.2,0.005
random,16,0.04193933693161034,0.01236868521791178,0.2,0.005
random,17,0.04523750867841706,0.014382317346843329,0.2,0.005
random,18,0.048902226900480024,0.016845414799417886,0.2,0.005
random,19,0.05288198099333348,0.01963952768941629,0.2,0.005
random,20,0.05749329988876696,0.02299431333589263,0.2,0.005
random,21,0.06297656640762059,0.026856803013564915,0.2,0.005
random,22,0.06939075645935515,0.031428524498595824,0.2,0.005
random,23,0.07695161735832717,0.037712757496279094,0.2,0.005
random,24,0.08643479429352086,0.04616909688363398,0.2,0.005
random,25,0.09869431815636828,0.057622600607644556,0.2,0.005
random,26,0.11392130075474234,0.07271785006773192,0.2,0.005
random,27,0.13325046844788843,0.09262739770476551,0.2,0.005
random,28,0.15686248161668645,0.11657885267909046,0.2,0.005
random,29,0.1870290325711257,0.14414772514470553,0.2,0.005
random,30,0.22372623233522204,0.1772014686306543,0.2,0.005
random,31,0.269153359760513,0.21826242713679234,0.2,0.005
random,32,0.31976140885235865,0.2570752159032677,0.2,0.005
random,33,0.37201331810411115,0.28922598531888694,0.2,0.005
random,34,0.4229199793957582,0.31275166288909484,0.2,0.005
random,35,0.4697050457996461,0.32660941786881226,0.2,0.005
random,36,0.5129799257948683,0.32972676127467726,0.2,0.005
random,37,0.5559517144072921,0.32645407354157063,0.2,0.005
random,38,0.6012743275626525,0.32078302925157726,0.2,0.005
random,39,0.6475405552693856,0.3104766658243082,0.2,0.005
random,40,0.6907258516046674,0.29105941738149166,0.2,0.005
random,41,0.7360865378155024,0.26564457236791855,0.2,0.005
random,42,0.780909722066695,0.23457862153664139,0.2,0.005
random,43,0.8032469099858408,0.2065146958162311,0.2,0.005
random,44,0.8407078104509292,0.173288021263268,0.2,0.005
random,45,0.8624629534239622,0.14272698351057356,0.2,0.005
random,46,0.8673265996282278,0.11886630034582528,0.2,0.005
random,47,0.8952057811321882,0.08980288222002801,0.2,0.005
random,48,0.9179003083170963,0.06665678430705659,0.2,0.005
random,49,0.9339892847988972,0.050544580496136415,0.2,0.005
random,50,0.941236105201078,0.04124458036447456,0.2,0.005
random,51,0.9438291788911036,0.03691136913104264,0.2,0.005
random,52,0.9483736833068315,0.02927021886293534,0.2,0.005
random,53,0.9539577314431181,0.018310886639173175,0.2,0.005
random,54,0.9602789784476645,0.0057862402688497,0.2,0.005
random,55,0.9619344098303136,0.0012352316618340585,0.2,0.005
random,56,0.9629198300896583,0.0,0.2,0.005
random,57,0.9632483035094399,0.0,0.2,0.005
random,58,0.9632483035094399,0.0,0.2,0.005
betweenness,0,0.009996043388352631,0.0,0.2,0.01
betweenness,1,0.2772688928206162,0.0,0.2,0.01
betweenness,2,0.41328674983016433,0.0,0.2,0.01
betweenness,3,0.6343792225631378,0.0,0.2,0.01
betweenness,4,0.7962568960754892,0.0,0.2,0.01
betweenness,5,0.8927384978313289,0.0,0.2,0.01
betweenness,6,0.9308339492209953,0.0,0.2,0.01
betweenness,7,0.9489522444439468,0.0,0.2,0.01
betweenness,8,0.9556859495494688,0.0,0.2,0.01
betweenness,9,0.9584555777026271,0.0,0.2,0.01
betweenness,10,0.9598441244317037,0.0,0.2,0.01
betweenness,11,0.9606429120661725,0.0,0.2,0.01
betweenness,12,0.9609713854859541,0.0,0.2,0.01
betweenness,13,0.961165483415825,0.0,0.2,0.01
betweenness,14,0.961165483415825,0.0,0.2,0.01
degree,0,0.009996043388352631,0.0,0.2,0.01
degree,1,0.27980709651892827,0.0,0.2,0.01
degree,2,0.4143990802744247,0.0,0.2,0.01
degree,3,0.6128791441774354,0.0,0.2,0.01
degree,4,0.7656939374258135,0.0,0.2,0.01
degree,5,0.8696483094816839,0.0,0.2,0.01
degree,6,0.9211365180324442,0.0,0.2,0.01
degree,7,0.9436070860675013,0.0,0.2,0.01
degree,8,0.9523564235216829,0.0,0.2,0.01
degree,9,0.9564324800489723,0.0,0.2,0.01
degree,10,0.9586646062424882,0.0,0.2,0.01
degree,11,0.959717214246788,0.0,0.2,0.01
degree,12,0.9601054101065299,0.0,0.2,0.01
degree,13,0.9604114876113263,0.0,0.2,0.01
degree,14,0.9606205161511874,0.0,0.2,0.01
degree,15,0.960762356946093,0.0,0.2,0.01
degree,16,0.960762356946093,0.0,0.2,0.01
random,0,0.009996043388352631,0.0,0.2,0.01
random,1,0.02188603465394579,0.0007325561270936719,0.2,0.01
random,2,0.026148723806111097,0.0010923070389980464,0.2,0.01
random,3,0.032368815927974734,0.0017682373303464114,0.2,0.01
random,4,0.0369151866699514,0.0023994874312537593,0.2,0.01
random,5,0.04213492792248027,0.0031561017383899565,0.2,0.01
random,6,0.0471150328846685,0.003813043815534653,0.2,0.01
random,7,0.05270953244794816,0.0047459722987694755,0.2,0.01
random,8,0.05870939807245825,0.006118035993657311,0.2,0.01
random,9,0.06593506677715319,0.0077957380890890686,0.2,0.01
random,10,0.07431039245108359,0.00995431943970964,0.2,0.01
random,11,0.0841989354475077,0.013175150193889948,0.2,0.01
random,12,0.09625390995349115,0.01772971369524694,0.2,0.01
random,13,0.11117257545557024,0.023728445654020436,0.2,0.01
random,14,0.13018670727792586,0.03294766338554266,0.2,0.01
random,15,0.15498645047143403,0.04398151018161931,0.2,0.01
random,16,0.1885220935701328,0.06100755447203399,0.2,0.01
random,17,0.23473830373339905,0.08207360856922162,0.2,0.01
random,18,0.2981381529342381,0.11014394579511616,0.2,0.01
random,19,0.37775861682829054,0.13681464047309141,0.2,0.01
random,20,0.47089053623285776,0.15640554529869483,0.2,0.01
random,21,0.5685501631169141,0.1604698513088108,0.2,0.01
random,22,0.6615492000925698,0.14686897228571558,0.2,0.01
random,23,0.7437205587034258,0.11706077241920046,0.2,0.01
random,24,0.8098101572939763,0.0836897324003046,0.2,0.01
random,25,0.8588818466178436,0.05379765386905038,0.2,0.01
random,26,0.8934006703843884,0.03847922389651947,0.2,0.01
random,27,0.9176599254962561,0.03349531103473926,0.2,0.01
random,28,0.9348928355467964,0.028316114529039132,0.2,0.01
random,29,0.9487260457025972,0.02037666240158132,0.2,0.01
random,30,0.9587444850059349,0.010167872108004922,0.2,0.01
random,31,0.9637701283285928,0.0022917620364634665,0.2,0.01
random,32,0.9645165758802631,0.000684363736289074,0.2,0.01
random,33,0.964741364508447,0.00046565793630621796,0.2,0.01
random,34,0.9648906706083477,0.000408482498198777,0.2,0.01
random,35,0.9646915958084801,0.00019486209790451912,0.2,0.01
random,36,0.9647637604234321,0.0,0.2,0.01
random,37,0.9648608093883676,0.0,0.2,0.01
random,38,0.964950393048308,0.0,0.2,0.01
random,39,0.964950393048308,0.0,0.2,0.01
betweenness,0,0.019999552081700296,0.0,0.2,0.02
betweenness,1,0.42982986569916315,0.0,0.2,0.02
betweenness,2,0.6139317521817353,0.0,0.2,0.02
betweenness,3,0.8107918449008235,0.0,0.2,0.02
betweenness,4,0.902398602494905,0.0,0.2,0.02
betweenness,5,0.9378214746963487,0.0,0.2,0.02
betweenness,6,0.951064925757542,0.0,0.2,0.02
betweenness,7,0.9569401207886348,0.0,0.2,0.02
betweenness,8,0.9592245041171157,0.0,0.2,0.02
betweenness,9,0.9601725978514853,0.0,0.2,0.02
betweenness,10,0.9609116630459937,0.0,0.2,0.02
betweenness,11,0.9611430875008399,0.0,0.2,0.02
betweenness,12,0.961165483415825,0.0,0.2,0.02
betweenness,13,0.961165483415825,0.0,0.2,0.02
degree,0,0.019999552081700296,0.0,0.2,0.02
degree,1,0.4140556762446529,0.0,0.2,0.02
degree,2,0.582786499742447,0.0,0.2,0.02
degree,3,0.7701283285928646,0.0,0.2,0.02
degree,4,0.8744037087635215,0.0,0.2,0.02
degree,5,0.925287227609684,0.0,0.2,0.02
degree,6,0.9456824408561213,0.0,0.2,0.02
degree,7,0.9544168477003128,0.0,0.2,0.02
degree,8,0.9575597411032227,0.0,0.2,0.02
degree,9,0.9594409979619718,0.0,0.2,0.02
degree,10,0.9604114876113263,0.0,0.2,0.02
degree,11,0.9606951692011376,0.0,0.2,0.02
degree,12,0.960762356946093,0.0,0.2,0.02
degree,13,0.960762356946093,0.0,0.2,0.02
random,0,0.019999552081700296,0.0,0.2,0.02
random,1,0.04442229737295918,0.0017860628439517183,0.2,0.02
random,2,0.053562070278381224,0.0024762136464815663,0.2,0.02
random,3,0.06773495181145625,0.003804124633057552,0.2,0.02
random,4,0.08017737564668205,0.004960204417056611,0.2,0.02
random,5,0.09555441087545632,0.006468781236567507,0.2,0.02
random,6,0.11351070898001539,0.008629529813374488,0.2,0.02
random,7,0.13663001201914104,0.011383990973543121,0.2,0.02
random,8,0.1676647779445029,0.01530390024553955,0.2,0.02
random,9,0.21046337148104186,0.023683578304048724,0.2,0.02
random,10,0.2730920546758938,0.037061558297025406,0.2,0.02
random,11,0.3628548819362015,0.05684802965808937,0.2,0.02
random,12,0.48181675662359186,0.07783056553777139,0.2,0.02
random,13,0.6175957238732989,0.09178613738025679,0.2,0.02
random,14,0.7367897695460348,0.08272560912129813,0.2,0.02
random,15,0.8192746709666823,0.059281629367521474,0.2,0.02
random,16,0.8712847043365957,0.04089680300374112,0.2,0.02
random,17,0.9058251774876263,0.03231959411596983,0.2,0.02
random,18,0.9325658999798436,0.026489280102899988,0.2,0.02
random,19,0.9509439878166223,0.020072709701418553,0.2,0.02
random,20,0.9619732294162878,0.0101900491332915,0.2,0.02
random,21,0.9667771531805933,0.0029274088295193797,0.2,0.02
random,22,0.9678648481183698,0.0015120849903284004,0.2,0.02
random,23,0.9678749262801132,0.001425668041110648,0.2,0.02
random,24,0.9682180636918493,0.0012477538720441672,0.2,0.02
random,25,0.9682388598986211,0.0016834607609912265,0.2,0.02
random,26,0.966846580517047,0.00034839867385072954,0.2,0.02
betweenness,0,0.04999514755175323,0.0,0.2,0.05
betweenness,1,0.6624189081244914,0.0,0.2,0.05
betweenness,2,0.8294177808634371,0.0,0.2,0.05
betweenness,3,0.9265190029338649,0.0,0.2,0.05
betweenness,4,0.9505647503228744,0.0,0.2,0.05
betweenness,5,0.9589781490522796,0.0,0.2,0.05
betweenness,6,0.9620538547102342,0.0,0.2,0.05
betweenness,7,0.9631288586295194,0.0,0.2,0.05
betweenness,8,0.9639425768739782,0.0,0.2,0.05
betweenness,9,0.9642411890737798,0.0,0.2,0.05
betweenness,10,0.9642859809037498,0.0,0.2,0.05
betweenness,11,0.9642859809037498,0.0,0.2,0.05
degree,0,0.04999514755175323,0.0,0.2,0.05
degree,1,0.6247041872895717,0.0,0.2,0.05
degree,2,0.785096265107911,0.0,0.2,0.05
degree,3,0.8965681992937821,0.0,0.2,0.05
degree,4,0.9352011526430912,0.0,0.2,0.05
degree,5,0.9509156196576412,0.0,0.2,0.05
degree,6,0.9575298798832426,0.0,0.2,0.05
degree,7,0.9599411733966392,0.0,0.2,0.05
degree,8,0.960769822251088,0.0,0.2,0.05
degree,9,0.9611878793308101,0.0,0.2,0.05
degree,10,0.9612625323807604,0.0,0.2,0.05
degree,11,0.9614118384806611,0.0,0.2,0.05
degree,12,0.9614342343956462,0.0,0.2,0.05
degree,13,0.9614342343956462,0.0,0.2,0.05
random,0,0.04999514755175323,0.0,0.2,0.05
random,1,0.11653863668600181,0.0025758729313163416,0.2,0.05
random,2,0.14723223817309056,0.003823823177343549,0.2,0.05
random,3,0.20748919397101967,0.006734140797451236,0.2,0.05
random,4,0.2858995319253768,0.012015632738241744,0.2,0.05
random,5,0.4267855143221876,0.020001537374695028,0.2,0.05
random,6,0.6204534426253985,0.027150174525653287,0.2,0.05
random,7,0.7964076952363889,0.020476468024560244,0.2,0.05
random,8,0.8947974289489597,0.016697089469044295,0.2,0.05
random,9,0.9445529402103723,0.012112276848901541,0.2,0.05
random,10,0.9681194150187006,0.0045302220563067,0.2,0.05
random,11,0.9747680156472793,0.0008702726415157447,0.2,0.05
random,12,0.9762536113412914,0.0005643916501104224,0.2,0.05
random,13,0.9767478145319627,0.0004665009299285356,0.2,0.05
random,14,0.9768963741013639,0.00041497666098638575,0.2,0.05
random,15,0.9769560965413241,0.0003945688145842935,0.2,0.05
random,16,0.977011126503859,0.00043992245173925433,0.2,0.05
random,17,0.9770628504027532,0.00013196919464034994,0.2,0.05
random,18,0.9769695340903153,0.0,0.2,0.05
betweenness,0,0.002493411868341881,0.0,0.25,0.0025
betweenness,1,0.07022612408829963,0.0,0.25,0.0025
betweenness,2,0.09154703515412123,0.0,0.25,0.0025
betweenness,3,0.12316260180809686,0.0,0.25,0.0025
betweenness,4,0.15826446589475412,0.0,0.25,0.0025
betweenness,5,0.20384761819444136,0.0,0.25,0.0025
betweenness,6,0.25677663060924355,0.0,0.25,0.0025
betweenness,7,0.3205079393518622,0.0,0.25,0.0025
betweenness,8,0.3988488499697655,0.0,0.25,0.0025
betweenness,9,0.4840279799631214,0.0,0.25,0.0025
betweenness,10,0.5719244809746702,0.0,0.25,0.0025
betweenness,11,0.6541025583600218,0.0,0.25,0.0025
betweenness,12,0.7254410128925817,0.0,0.25,0.0025
betweenness,13,0.769568430718237,0.0,0.25,0.0025
betweenness,14,0.7997431935081708,0.0,0.25,0.0025
betweenness,15,0.8212955290288384,0.0,0.25,0.0025
betweenness,16,0.8372936776331997,0.0,0.25,0.0025
betweenness,17,0.8503131695445416,0.0,0.25,0.0025
betweenness,18,0.8626607840063306,0.0,0.25,0.0025
betweenness,19,0.874052839428755,0.0,0.25,0.0025
betweenness,20,0.8840638134270977,0.0,0.25,0.0025
betweenness,21,0.897553619553127,0.0,0.25,0.0025
betweenness,22,0.9130739886378058,0.0,0.25,0.0025
betweenness,23,0.9190686285488192,0.0,0.25,0.0025
betweenness,24,0.9218457220069725,0.0,0.25,0.0025
betweenness,25,0.9224354811015804,0.0,0.25,0.0025
betweenness,26,0.9229281912312528,0.0,0.25,0.0025
betweenness,27,0.9231073585511336,0.0,0.25,0.0025
betweenness,28,0.923174546296089,0.0,0.25,0.0025
betweenness,29,0.9232268034310541,0.0,0.25,0.0025
betweenness,30,0.9232342687360491,0.0,0.25,0.0025
betweenness,31,0.9232342687360491,0.0,0.25,0.0025
degree,0,0.002493411868341881,0.0,0.25,0.0025
degree,1,0.08173015908564944,0.0,0.25,0.0025
degree,2,0.11224832590535486,0.0,0.25,0.0025
degree,3,0.16074294715310594,0.0,0.25,0.0025
degree,4,0.21563533478160252,0.0,0.25,0.0025
degree,5,0.28248714101214606,0.0,0.25,0.0025
degree,6,0.3510186408665726,0.0,0.25,0.0025
degree,7,0.4272095436459057,0.0,0.25,0.0025
degree,8,0.5018252670712862,0.0,0.25,0.0025
degree,9,0.5851455361208783,0.0,0.25,0.0025
degree,10,0.6687345561502915,0.0,0.25,0.0025
degree,11,0.7479862339775891,0.0,0.25,0.0025
degree,12,0.8159727665673782,0.0,0.25,0.0025
degree,13,0.8634968981657746,0.0,0.25,0.0025
degree,14,0.8910364082924607,0.0,0.25,0.0025
degree,15,0.9053847244929191,0.0,0.25,0.0025
degree,16,0.9123498540532873,0.0,0.25,0.0025
degree,17,0.9165826819854725,0.0,0.25,0.0025
degree,18,0.9189193224489186,0.0,0.25,0.0025
degree,19,0.9201212365531195,0.0,0.25,0.0025
degree,20,0.9208080446126626,0.0,0.25,0.0025
degree,21,0.9212410323023746,0.0,0.25,0.0025
degree,22,0.9214649914522258,0.0,0.25,0.0025
degree,23,0.9215993669421364,0.0,0.25,0.0025
degree,24,0.9215993669421364,0.0,0.25,0.0025
random,0,0.002493411868341881,0.0,0.25,0.0025
random,1,0.0048546878382716326,0.0005801101878683691,0.25,0.0025
random,2,0.005419064895896322,0.0006909470368799426,0.25,0.0025
random,3,0.006027487252991721,0.0008125431895522648,0.25,0.0025
random,4,0.006317141086799101,0.0009422188931743229,0.25,0.0025
random,5,0.006585892066620381,0.0010132838868845832,0.25,0.0025
random,6,0.006743410002015632,0.0010237486304072803,0.25,0.0025
random,7,0.006883011205422798,0.0010419502568286049,0.25,0.0025
random,8,0.006980806700857764,0.0010551166869831945,0.25,0.0025
random,9,0.0070479944458130845,0.0010913451499501594,0.25,0.0025
random,10,0.007098011989279822,0.0010990085202690352,0.25,0.0025
random,11,0.007136831575254007,0.0011033059649542653,0.25,0.0025
random,12,0.007124700454637074,0.0010529062527922242,0.25,0.0025
random,13,0.007222149346625842,0.0011173116688118175,0.25,0.0025
random,14,0.007672840473897562,0.0011017510476299887,0.25,0.0025
random,15,0.0073458601151150035,0.0008446688277184713,0.25,0.0025
random,16,0.007377587661343905,0.0008725229907067677,0.25,0.0025
random,17,0.007726590669861817,0.0008973905235546271,0.25,0.0025
random,18,0.007767649847334513,0.0009343418980539363,0.25,0.0025
random,19,0.007872164117265011,0.0010821473960511694,0.25,0.0025
random,20,0.008838921114122118,0.0,0.25,0.0025
random,21,0.009204721058878861,0.0,0.25,0.0025
random,22,0.009354027158779572,0.0,0.25,0.0025
random,23,0.009510798563675319,0.0,0.25,0.0025
random,24,0.009697431188551209,0.0,0.25,0.0025
random,25,0.0097795495434966,0.0,0.25,0.0025
random,26,0.009921390338402275,0.0,0.25,0.0025
random,27,0.009988578083357595,0.0,0.25,0.0025
random,28,0.01036930863810441,0.0,0.25,0.0025
random,29,0.01043649638305973,0.0,0.25,0.0025
random,30,0.010488753518024979,0.0,0.25,0.0025
random,31,0.010563406567975334,0.0,0.25,0.0025
random,32,0.010705247362881011,0.0,0.25,0.0025
random,33,0.01097399834270229,0.0,0.25,0.0025
random,34,0.011257679932513642,0.0,0.25,0.0025
random,35,0.011504034997349817,0.0,0.25,0.0025
random,36,0.011668271707240599,0.0,0.25,0.0025
random,37,0.011877300247101595,0.0,0.25,0.0025
random,38,0.012011675737012235,0.0,0.25,0.0025
random,39,0.012116190006942733,0.0,0.25,0.0025
random,40,0.012295357326823587,0.0,0.25,0.0025
random,41,0.012593969526625011,0.0,0.25,0.0025
random,42,0.012795532761490971,0.0,0.25,0.0025
random,43,0.012974700081371825,0.0,0.25,0.0025
random,44,0.013071749046307287,0.0,0.25,0.0025
random,45,0.013153867401252678,0.0,0.25,0.0025
random,46,0.013228520451203034,0.0,0.25,0.0025
random,47,0.013243451061193104,0.0,0.25,0.0025
random,48,0.01342261838107396,0.0,0.25,0.0025
random,49,0.0134524796010541,0.0,0.25,0.0025
random,50,0.013556993870984599,0.0,0.25,0.0025
random,51,0.013609251005949848,0.0,0.25,0.0025
random,52,0.013795883630825737,0.0,0.25,0.0025
random,53,0.013885467290766165,0.0,0.25,0.0025
random,54,0.013982516255701627,0.0,0.25,0.0025
random,55,0.014034773390666876,0.0,0.25,0.0025
random,56,0.014131822355602338,0.0,0.25,0.0025
random,57,0.014184079490567587,0.0,0.25,0.0025
random,58,0.014221406015542766,0.0,0.25,0.0025
random,59,0.014325920285473264,0.0,0.25,0.0025
random,60,0.01440057333542362,0.0,0.25,0.0025
random,61,0.014475226385373975,0.0,0.25,0.0025
random,62,0.014534948825334258,0.0,0.25,0.0025
random,63,0.014579740655304473,0.0,0.25,0.0025
random,64,0.014609601875284615,0.0,0.25,0.0025
random,65,0.014609601875284615,0.0,0.25,0.0025
betweenness,0,0.004994289041678797,0.0,0.25,0.005
betweenness,1,0.12366277724276427,0.0,0.25,0.005
betweenness,2,0.16920113771248124,0.0,0.25,0.005
betweenness,3,0.2464222525811292,0.0,0.25,0.005
betweenness,4,0.3400446425238703,0.0,0.25,0.005
betweenness,5,0.4481497241569804,0.0,0.25,0.005
betweenness,6,0.5560457772502295,0.0,0.25,0.005
betweenness,7,0.6546624562346495,0.0,0.25,0.005
betweenness,8,0.7344740319365748,0.0,0.25,0.005
betweenness,9,0.7989742670936821,0.0,0.25,0.005
betweenness,10,0.8470582965667063,0.0,0.25,0.005
betweenness,11,0.8792710876202847,0.0,0.25,0.005
betweenness,12,0.8981807051727099,0.0,0.25,0.005
betweenness,13,0.9091920300403873,0.0,0.25,0.005
betweenness,14,0.9159929228908649,0.0,0.25,0.005
betweenness,15,0.9206587385127619,0.0,0.25,0.005
betweenness,16,0.9222264525617195,0.0,0.25,0.005
betweenness,17,0.9229431218412427,0.0,0.25,0.005
betweenness,18,0.9233611789209648,0.0,0.25,0.005
betweenness,19,0.9234059707509349,0.0,0.25,0.005
betweenness,20,0.9234059707509349,0.0,0.25,0.005
degree,0,0.004994289041678797,0.0,0.25,0.005
degree,1,0.13835449747299425,0.0,0.25,0.005
degree,2,0.1950908154352646,0.0,0.25,0.005
degree,3,0.2833008592566049,0.0,0.25,0.005
degree,4,0.3745866087358999,0.0,0.25,0.005
degree,5,0.475532462878771,0.0,0.25,0.005
degree,6,0.5735071256336177,0.0,0.25,0.005
degree,7,0.6692944540249192,0.0,0.25,0.005
degree,8,0.7551454614678282,0.0,0.25,0.005
degree,9,0.8208700066441214,0.0,0.25,0.005
degree,10,0.8659156569841662,0.0,0.25,0.005
degree,11,0.892790754966294,0.0,0.25,0.005
degree,12,0.9062357692623533,0.0,0.25,0.005
degree,13,0.9130217315028405,0.0,0.25,0.005
degree,14,0.9165901472904675,0.0,0.25,0.005
degree,15,0.9193149836136556,0.0,0.25,0.005
degree,16,0.9203078691779952,0.0,0.25,0.005
degree,17,0.9210543996774987,0.0,0.25,0.005
degree,18,0.9213978037072705,0.0,0.25,0.005
degree,19,0.9214649914522258,0.0,0.25,0.005
degree,20,0.9215993669421364,0.0,0.25,0.005
degree,21,0.9215993669421364,0.0,0.25,0.005
random,0,0.004994289041678797,0.0,0.25,0.005
random,1,0.00870529215471098,0.00036162791522513575,0.25,0.005
random,2,0.009650399767082485,0.0004074967121698541,0.25,0.005
random,3,0.010558180854478811,0.0004885457679108105,0.25,0.005
random,4,0.011043425679156121,0.0005327930522588504,0.25,0.005
random,5,0.011377124812434213,0.0005690306002899375,0.25,0.005
random,6,0.011573462333803648,0.0005738101250472609,0.25,0.005
random,7,0.011763081080677551,0.000570009700681119,0.25,0.005
random,8,0.011860876576112516,0.0005531696410878197,0.25,0.005
random,9,0.012000477779519682,0.0005640162947969402,0.25,0.005
random,10,0.012087821847961599,0.0005486962493615207,0.25,0.005
random,11,0.012155756123416423,0.0005400196358272734,0.25,0.005
random,12,0.012237874478361815,0.0005345798982636054,0.25,0.005
random,13,0.012420608555073629,0.00042573152193791004,0.25,0.005
random,14,0.012389606802385912,0.0003030040955080256,0.25,0.005
random,15,0.012441464010297856,0.0003332698426808529,0.25,0.005
random,16,0.012559131436648177,0.00029949429138963093,0.25,0.005
random,17,0.01260267904911922,0.0003047240813022563,0.25,0.005
random,18,0.012643738226591913,0.0003453029731547299,0.25,0.005
random,19,0.01289818070517271,0.00024338688028217132,0.25,0.005
random,20,0.012952304166386718,0.0002551343753500865,0.25,0.005
random,21,0.013071749046307287,0.00023736852620821706,0.25,0.005
random,22,0.013119029311275844,0.000304647867890038,0.25,0.005
random,23,0.013333034721133532,0.00023226578256708104,0.25,0.005
random,24,0.013355430636118638,0.00025338085370954185,0.25,0.005
random,25,0.01340395511858637,0.00031144729935131215,0.25,0.005
random,26,0.013426351033571477,0.00032200483492254373,0.25,0.005
random,27,0.013445014296059064,0.0003378411382793893,0.25,0.005
random,28,0.013459944906049136,0.00035895620942185075,0.25,0.005
random,29,0.01375855710585056,0.0,0.25,0.005
random,30,0.01384067546079595,0.0,0.25,0.005
random,31,0.01397505095070659,0.0,0.25,0.005
random,32,0.01402730808567184,0.0,0.25,0.005
random,33,0.01414675296559241,0.0,0.25,0.005
random,34,0.014191544795562623,0.0,0.25,0.005
random,35,0.014251267235522906,0.0,0.25,0.005
random,36,0.014266197845512979,0.0,0.25,0.005
random,37,0.014296059065493121,0.0,0.25,0.005
random,38,0.014296059065493121,0.0,0.25,0.005
betweenness,0,0.009996043388352631,0.0,0.25,0.01
betweenness,1,0.21275372705351878,0.0,0.25,0.01
betweenness,2,0.3004262689152165,0.0,0.25,0.01
betweenness,3,0.44674624681791375,0.0,0.25,0.01
betweenness,4,0.5801288511642143,0.0,0.25,0.01
betweenness,5,0.7047845139713182,0.0,0.25,0.01
betweenness,6,0.7941890065918643,0.0,0.25,0.01
betweenness,7,0.8534112711174815,0.0,0.25,0.01
betweenness,8,0.8851462826513778,0.0,0.25,0.01
betweenness,9,0.9029361044545474,0.0,0.25,0.01
betweenness,10,0.9144625353668824,0.0,0.25,0.01
betweenness,11,0.9188222734839832,0.0,0.25,0.01
betweenness,12,0.9212634282173597,0.0,0.25,0.01
betweenness,13,0.9224429464065753,0.0,0.25,0.01
betweenness,14,0.9231148238561285,0.0,0.25,0.01
betweenness,15,0.9233313177009845,0.0,0.25,0.01
betweenness,16,0.92342836666592,0.0,0.25,0.01
betweenness,17,0.9234358319709152,0.0,0.25,0.01
betweenness,18,0.9234358319709152,0.0,0.25,0.01
degree,0,0.009996043388352631,0.0,0.25,0.01
degree,1,0.21936798727912027,0.0,0.25,0.01
degree,2,0.31143012847789897,0.0,0.25,0.01
degree,3,0.4505535523653819,0.0,0.25,0.01
degree,4,0.5744776152829724,0.0,0.25,0.01
degree,5,0.6859794106888237,0.0,0.25,0.01
degree,6,0.7752868543444342,0.0,0.25,0.01
degree,7,0.8385702447873508,0.0,0.25,0.01
degree,8,0.8770314961217739,0.0,0.25,0.01
degree,9,0.8986734153023821,0.0,0.25,0.01
degree,10,0.9091621688204071,0.0,0.25,0.01
degree,11,0.9144849312818675,0.0,0.25,0.01
degree,12,0.918172791949415,0.0,0.25,0.01
degree,13,0.9196434570334372,0.0,0.25,0.01
degree,14,0.9207483221727024,0.0,0.25,0.01
degree,15,0.9211589139474293,0.0,0.25,0.01
degree,16,0.9215097832821961,0.0,0.25,0.01
degree,17,0.9215620404171613,0.0,0.25,0.01
degree,18,0.9215993669421364,0.0,0.25,0.01
degree,19,0.9215993669421364,0.0,0.25,0.01
random,0,0.009996043388352631,0.0,0.25,0.01
random,1,0.018029458093510413,0.0005949852764419785,0.25,0.01
random,2,0.0201466185901025,0.0008220883135177381,0.25,0.01
random,3,0.022282442349182176,0.0010630936816724708,0.25,0.01
random,4,0.02338506789694893,0.0013297245273641892,0.25,0.01
random,5,0.02436302285129859,0.0015898597377618708,0.25,0.01
random,6,0.025046844788843847,0.001824867809365791,0.25,0.01
random,7,0.025630631639455632,0.0020934411071507754,0.25,0.01
random,8,0.02612632789112599,0.002347075875965083,0.25,0.01
random,9,0.02653542660485394,0.0026078116116220558,0.25,0.01
random,10,0.026827320030159828,0.0027313545896107327,0.25,0.01
random,11,0.0270938314184826,0.00284633902362609,0.25,0.01
random,12,0.02728643628735452,0.002912352421131934,0.25,0.01
random,13,0.027449179936246293,0.0029582195621972044,0.25,0.01
random,14,0.027655968884608785,0.00305714382510922,0.25,0.01
random,15,0.027778399886527368,0.003096603152722203,0.25,0.01
random,16,0.027914268437437013,0.003137786879021896,0.25,0.01
random,17,0.028055362701843185,0.0032088529956390993,0.25,0.01
random,18,0.02811765652463509,0.0034584029768878113,0.25,0.01
random,19,0.028315901846169927,0.00356840797872202,0.25,0.01
random,20,0.029016707352578892,0.0034688222680317395,0.25,0.01
random,21,0.029165080289355223,0.0035596652300104617,0.25,0.01
random,22,0.029282658843027033,0.003614815781749456,0.25,0.01
random,23,0.02898529086072478,0.003108335224361773,0.25,0.01
random,24,0.02991646323710555,0.003062834597142878,0.25,0.01
random,25,0.030902630026949752,0.0032574317498093174,0.25,0.01
random,26,0.03115271774428344,0.003326841229556502,0.25,0.01
random,27,0.03135801363164692,0.0033790849084206175,0.25,0.01
random,28,0.03152784932028398,0.0033620812808866957,0.25,0.01
random,29,0.03171634827140863,0.0033415809257479837,0.25,0.01
random,30,0.031861921718811824,0.0033674456419029966,0.25,0.01
random,31,0.03198323292498115,0.003384220593596311,0.25,0.01
random,32,0.03212320739363807,0.003464925700519036,0.25,0.01
random,33,0.032313572671011474,0.003645013683106743,0.25,0.01
random,34,0.032879691633135005,0.004476253980839141,0.25,0.01
random,35,0.0330115786880473,0.004594238703727855,0.25,0.01
random,36,0.03325046844788844,0.00485341289799538,0.25,0.01
random,37,0.03624032309840018,0.0026129900538796546,0.25,0.01
random,38,0.036662112830619695,0.003156703135798043,0.25,0.01
random,39,0.0370615066478541,0.003605398397575356,0.25,0.01
random,40,0.03731905967018283,0.0039274032324979,0.25,0.01
random,41,0.037587810650004105,0.004307474513062216,0.25,0.01
random,42,0.041462303942427566,0.0,0.25,0.01
random,43,0.04223869566191127,0.0,0.25,0.01
random,44,0.04296283024642972,0.0,0.25,0.01
random,45,0.04373175666091838,0.0,0.25,0.01
random,46,0.04451561368539712,0.0,0.25,0.01
random,47,0.045598082909677276,0.0,0.25,0.01
random,48,0.04632968279919076,0.0,0.25,0.01
random,49,0.04714340104364964,0.0,0.25,0.01
random,50,0.048233335572924835,0.0,0.25,0.01
random,51,0.049353131322180166,0.0,0.25,0.01
random,52,0.05069688622128657,0.0,0.25,0.01
random,53,0.05215262069531851,0.0,0.25,0.01
random,54,0.05360835516935045,0.0,0.25,0.01
random,55,0.0544817958537696,0.0,0.25,0.01
random,56,0.05512381208334267,0.0,0.25,0.01
random,57,0.05550454263808948,0.0,0.25,0.01
random,58,0.05581062014288594,0.0,0.25,0.01
random,59,0.05606444051271715,0.0,0.25,0.01
random,60,0.05648996289743417,0.0,0.25,0.01
random,61,0.0566840608273051,0.0,0.25,0.01
random,62,0.05683336692720581,0.0,0.25,0.01
random,63,0.05715437504199234,0.0,0.25,0.01
random,64,0.05737086888684837,0.0,0.25,0.01
random,65,0.05746791785178383,0.0,0.25,0.01
random,66,0.05772173822161505,0.0,0.25,0.01
random,67,0.05782625249154554,0.0,0.25,0.01
random,68,0.058027815726411504,0.0,0.25,0.01
random,69,0.058244309571267534,0.0,0.25,0.01
random,70,0.05865490134599449,0.0,0.25,0.01
random,71,0.05899830537576613,0.0,0.25,0.01
random,72,0.05921479922062216,0.0,0.25,0.01
random,73,0.0594760848954484,0.0,0.25,0.01
random,74,0.05958806447037394,0.0,0.25,0.01
random,75,0.059625390995349116,0.0,0.25,0.01
random,76,0.059662717520324295,0.0,0.25,0.01
random,77,0.0596851134353094,0.0,0.25,0.01
random,78,0.05969257874030443,0.0,0.25,0.01
random,79,0.05969257874030443,0.0,0.25,0.01
betweenness,0,0.019999552081700296,0.0,0.25,0.02
betweenness,1,0.3448896254656484,0.0,0.25,0.02
betweenness,2,0.4869469142161803,0.0,0.25,0.02
betweenness,3,0.6690033071301128,0.0,0.25,0.02
betweenness,4,0.779631661851545,0.0,0.25,0.02
betweenness,5,0.847028435346726,0.0,0.25,0.02
betweenness,6,0.8857136458310004,0.0,0.25,0.02
betweenness,7,0.9044888878935149,0.0,0.25,0.02
betweenness,8,0.9148283353116392,0.0,0.25,0.02
betweenness,9,0.9194792203235463,0.0,0.25,0.02
betweenness,10,0.9222264525617195,0.0,0.25,0.02
betweenness,11,0.9236896523407465,0.0,0.25,0.02
betweenness,12,0.9245481624151755,0.0,0.25,0.02
betweenness,13,0.924660141990101,0.0,0.25,0.02
betweenness,14,0.924660141990101,0.0,0.25,0.02
degree,0,0.019999552081700296,0.0,0.25,0.02
degree,1,0.33803647548020577,0.0,0.25,0.02
degree,2,0.47138175330153115,0.0,0.25,0.02
degree,3,0.6399782013094145,0.0,0.25,0.02
degree,4,0.7490687032018694,0.0,0.25,0.02
degree,5,0.8262375609355519,0.0,0.25,0.02
degree,6,0.8715221010354378,0.0,0.25,0.02
degree,7,0.8958813912342387,0.0,0.25,0.02
degree,8,0.9101027972497816,0.0,0.25,0.02
degree,9,0.915836151485969,0.0,0.25,0.02
degree,10,0.9191208856837847,0.0,0.25,0.02
degree,11,0.9210693302874888,0.0,0.25,0.02
degree,12,0.9218307913969825,0.0,0.25,0.02
degree,13,0.9224728076265556,0.0,0.25,0.02
degree,14,0.922763954521362,0.0,0.25,0.02
degree,15,0.9228610034862974,0.0,0.25,0.02
degree,16,0.9229431218412427,0.0,0.25,0.02
degree,17,0.9230700320261584,0.0,0.25,0.02
degree,18,0.9232491993460392,0.0,0.25,0.02
degree,19,0.9233537136159697,0.0,0.25,0.02
degree,20,0.9234731584958904,0.0,0.25,0.02
degree,21,0.9236299299007861,0.0,0.25,0.02
degree,22,0.9236299299007861,0.0,0.25,0.02
random,0,0.019999552081700296,0.0,0.25,0.02
random,1,0.03660686957365643,0.0012572542940872604,0.25,0.02
random,2,0.041006920337730395,0.00155233274350442,0.25,0.02
random,3,0.04591162571946877,0.0020152267851175987,0.25,0.02
random,4,0.04889102894298747,0.002315754375450749,0.25,0.02
random,5,0.05155390323471666,0.0027775857500458015,0.25,0.02
random,6,0.05354937925988966,0.0032720156340173357,0.25,0.02
random,7,0.05546273693011729,0.0035033704125874985,0.25,0.02
random,8,0.05695803752062291,0.0038461708092198312,0.25,0.02
random,9,0.05841601158615335,0.004144037058118938,0.25,0.02
random,10,0.05965077303233224,0.00441972984908563,0.25,0.02
random,11,0.060861645502527005,0.004770430752211326,0.25,0.02
random,12,0.0619732294162878,0.005095098764069348,0.25,0.02
random,13,0.0630855598605481,0.005565524092012663,0.25,0.02
random,14,0.06431733518472897,0.006477323406249087,0.25,0.02
random,15,0.06554985703940934,0.007539053120160805,0.25,0.02
random,16,0.06670100706964384,0.008521424509240866,0.25,0.02
random,17,0.06786783424036788,0.009540665268076348,0.25,0.02
random,18,0.0689809112151277,0.010467828788314449,0.25,0.02
random,19,0.06999395310295402,0.01141165330889883,0.25,0.02
random,20,0.07224507435029036,0.013124425042273258,0.25,0.02
random,21,0.07334164470622781,0.014041065371368969,0.25,0.02
random,22,0.07481065083358425,0.01550465330584315,0.25,0.02
random,23,0.07617431321267741,0.016914332968464573,0.25,0.02
random,24,0.07767981638667626,0.018596632201324997,0.25,0.02
random,25,0.07937361114221655,0.02025679937774276,0.25,0.02
random,26,0.08098114015114755,0.022052911194654485,0.25,0.02
random,27,0.08281843465825907,0.02407325164989227,0.25,0.02
random,28,0.08465572916537062,0.026340478260839174,0.25,0.02
random,29,0.08674601456398057,0.028939935677180645,0.25,0.02
random,30,0.08889519292421803,0.031720015648052324,0.25,0.02
random,31,0.0911439086843893,0.034623322012600787,0.25,0.02
random,32,0.09375178856265506,0.03807278686913262,0.25,0.02
random,33,0.09647496592917748,0.041688875907993764,0.25,0.02
random,34,0.09938145800724467,0.045720107646353356,0.25,0.02
random,35,0.10223403399368104,0.04991083582602854,0.25,0.02
random,36,0.11075806439572089,0.05685354330699444,0.25,0.02
random,37,0.1154294789963644,0.06409597506162049,0.25,0.02
random,38,0.12032391958373459,0.07198357595742125,0.25,0.02
random,39,0.12603114525243928,0.08124557839023652,0.25,0.02
random,40,0.13219002187334364,0.09163332352965592,0.25,0.02
random,41,0.13939777384605048,0.10323763462282415,0.25,0.02
random,42,0.1584532314639143,0.12238543593867283,0.25,0.02
random,43,0.17017056088969373,0.1408157086345511,0.25,0.02
random,44,0.18472470621358664,0.1635134519797538,0.25,0.02
random,45,0.20174560160226776,0.19000159831399743,0.25,0.02
random,46,0.21971245778103407,0.21772455716104247,0.25,0.02
random,47,0.23822108180801152,0.24400592035954272,0.25,0.02
random,48,0.28994124804968907,0.2817876053663507,0.25,0.02
random,49,0.312007445397515,0.30563139620483926,0.25,0.02
random,50,0.33239394912145803,0.3265569094983057,0.25,0.02
random,51,0.3516307958761655,0.34479733899814585,0.25,0.02
random,52,0.3667219099236299,0.3573510034715576,0.25,0.02
random,53,0.37924869170529957,0.3650919112708589,0.25,0.02
random,54,0.3912628558773102,0.37028802549020057,0.25,0.02
random,55,0.40446898041352813,0.3748099185214663,0.25,0.02
random,56,0.4188596000089584,0.3795398234794877,0.25,0.02
random,57,0.5051219457570939,0.38766163751828125,0.25,0.02
random,58,0.5248422954319799,0.39574840218837576,0.25,0.02
random,59,0.5435115301635649,0.4046645721112889,0.25,0.02
random,60,0.5571267534135107,0.41137819133854453,0.25,0.02
random,61,0.5674005061476787,0.4164828508756162,0.25,0.02
random,62,0.5752734167954432,0.41981829444679114,0.25,0.02
random,63,0.5820728165849216,0.4224658389298388,0.25,0.02
random,64,0.5871074182735736,0.4240831953977211,0.25,0.02
random,65,0.7206688166745052,0.3609553938657654,0.25,0.02
random,66,0.7272644136376192,0.3610891181345937,0.25,0.02
random,67,0.7329567086963338,0.3599800674562234,0.25,0.02
random,68,0.6717530278032843,0.40623787770897823,0.25,0.02
random,69,0.6778919969442018,0.4030061414944063,0.25,0.02
random,70,0.6863053956736068,0.4002760609793239,0.25,0.02
random,71,0.6976850089210395,0.3987690044202811,0.25,0.02
random,72,0.7060635695604677,0.39343377920044664,0.25,0.02
random,73,0.6015318805849813,0.4683956231532309,0.25,0.02
random,74,0.6128194217374751,0.4541323925964979,0.25,0.02
random,75,0.6245810097571536,0.43809021729601255,0.25,0.02
random,76,0.6388621382126567,0.41803089971067375,0.25,0.02
random,77,0.6554239173441431,0.39460900704589796,0.25,0.02
random,78,0.415526341328675,0.0,0.25,0.02
random,79,0.46616350511000126,0.0,0.25,0.02
random,80,0.5271625122244369,0.0,0.25,0.02
random,81,0.5917821922614649,0.0,0.25,0.02
random,82,0.6574246190828126,0.0,0.25,0.02
random,83,0.7252170537427307,0.0,0.25,0.02
random,84,0.776906825528357,0.0,0.25,0.02
random,85,0.8158085298574873,0.0,0.25,0.02
random,86,0.8389733712570827,0.0,0.25,0.02
random,87,0.8522840100632312,0.0,0.25,0.02
random,88,0.8605257067777504,0.0,0.25,0.02
random,89,0.867580419998059,0.0,0.25,0.02
random,90,0.8737766231439386,0.0,0.25,0.02
random,91,0.879524907990116,0.0,0.25,0.02
random,92,0.8885056698991437,0.0,0.25,0.02
random,93,0.8994423417168709,0.0,0.25,0.02
random,94,0.9155076780661874,0.0,0.25,0.02
random,95,0.9282434883877181,0.0,0.25,0.02
random,96,0.9340440303688607,0.0,0.25,0.02
random,97,0.9349771934932402,0.0,0.25,0.02
random,98,0.9353355281330019,0.0,0.25,0.02
random,99,0.935589348502833,0.0,0.25,0.02
random,100,0.9356117444178181,0.0,0.25,0.02
random,101,0.9356117444178181,0.0,0.25,0.02
betweenness,0,0.04999514755175323,0.0,0.25,0.05
betweenness,1,0.5742835173531015,0.0,0.25,0.05
betweenness,2,0.7365045948952245,0.0,0.25,0.05
betweenness,3,0.8575769113047114,0.0,0.25,0.05
betweenness,4,0.9002336640463448,0.0,0.25,0.05
betweenness,5,0.9191582122087599,0.0,0.25,0.05
betweenness,6,0.9266309825087904,0.0,0.25,0.05
betweenness,7,0.9301172799414721,0.0,0.25,0.05
betweenness,8,0.9318641613103104,0.0,0.25,0.05
betweenness,9,0.9327599979097145,0.0,0.25,0.05
betweenness,10,0.9330735407195061,0.0,0.25,0.05
betweenness,11,0.9331332631594664,0.0,0.25,0.05
betweenness,12,0.9332303121244019,0.0,0.25,0.05
betweenness,13,0.9332303121244019,0.0,0.25,0.05
degree,0,0.04999514755175323,0.0,0.25,0.05
degree,1,0.5471844602211223,0.0,0.25,0.05
degree,2,0.6994020290698977,0.0,0.25,0.05
degree,3,0.8226766104529201,0.0,0.25,0.05
degree,4,0.8781886183960046,0.0,0.25,0.05
degree,5,0.9037274267840212,0.0,0.25,0.05
degree,6,0.9165453554604973,0.0,0.25,0.05
degree,7,0.921718811822057,0.0,0.25,0.05
degree,8,0.9245780236351557,0.0,0.25,0.05
degree,9,0.9257052846894058,0.0,0.25,0.05
degree,10,0.9261905295140833,0.0,0.25,0.05
degree,11,0.9264667457988998,0.0,0.25,0.05
degree,12,0.9266011212888102,0.0,0.25,0.05
degree,13,0.9266160518988004,0.0,0.25,0.05
degree,14,0.9266533784237755,0.0,0.25,0.05
degree,15,0.9266533784237755,0.0,0.25,0.05
random,0,0.04999514755175323,0.0,0.25,0.05
random,1,0.09529163213963107,0.002356392115476776,0.25,0.05
random,2,0.10976536546400603,0.0032023522938054113,0.25,0.05
random,3,0.12900644255821073,0.004569345086607812,0.25,0.05
random,4,0.14479257650071292,0.0056099891436070925,0.25,0.05
random,5,0.1621800183646503,0.0074073176087882855,0.25,0.05
random,6,0.18153680768627803,0.010351161102064532,0.25,0.05
random,7,0.2046352078714176,0.01422459414242046,0.25,0.05
random,8,0.23499212410323023,0.020218282897891782,0.25,0.05
random,9,0.2741640724731809,0.02766930306864379,0.25,0.05
random,10,0.3272565750673744,0.039400585706058075,0.25,0.05
random,11,0.39743492120370577,0.05243497718147377,0.25,0.05
random,12,0.48409591423857623,0.06557914474635042,0.25,0.05
random,13,0.5826439124170418,0.07207893648017853,0.25,0.05
random,14,0.6791337260083761,0.0649878199642575,0.25,0.05
random,15,0.7595768665128814,0.05005123409716064,0.25,0.05
random,16,0.8172874067770038,0.036020022498040837,0.25,0.05
random,17,0.8563294588400409,0.026636536117610184,0.25,0.05
random,18,0.8817443431651399,0.02411361412817774,0.25,0.05
random,19,0.8983397161691041,0.021682613928589115,0.25,0.05
random,20,0.9124603405672138,0.01972224815189089,0.25,0.05
random,21,0.9266041074108082,0.016366347957151483,0.25,0.05
random,22,0.9396691376826201,0.011284074174141496,0.25,0.05
random,23,0.9484961143087501,0.003962908246623332,0.25,0.05
random,24,0.951305308578382,0.001437168914307185,0.25,0.05
random,25,0.9517480011645876,0.0013576653691050509,0.25,0.05
random,26,0.9520345859285637,0.0014471693719854543,0.25,0.05
random,27,0.9523573566848074,0.001396633172940879,0.25,0.05
random,28,0.952403081677902,0.0013635739900793489,0.25,0.05
random,29,0.9520413876508925,0.0016413606710286776,0.25,0.05
random,30,0.9521648140268105,0.0023417310423769285,0.25,0.05
random,31,0.9533194478660426,0.001752550904824337,0.25,0.05
random,32,0.9533754376535053,0.0016733693880401036,0.25,0.05
random,33,0.9521921868117922,0.0,0.25,0.05
betweenness,0,0.002493411868341881,0.0,0.3,0.0025
betweenness,1,0.04451561368539712,0.0,0.3,0.0025
betweenness,2,0.05356356333938024,0.0,0.3,0.0025
betweenness,3,0.0621411987786761,0.0,0.3,0.0025
betweenness,4,0.0685837569893918,0.0,0.3,0.0025
betweenness,5,0.075130829470038,0.0,0.3,0.0025
betweenness,6,0.08314110172971116,0.0,0.3,0.0025
betweenness,7,0.09096474136450845,0.0,0.3,0.0025
betweenness,8,0.09899740953916672,0.0,0.3,0.0025
betweenness,9,0.1073286899136264,0.0,0.3,0.0025
betweenness,10,0.11662299463244571,0.0,0.3,0.0025
betweenness,11,0.12646973192089764,0.0,0.3,0.0025
betweenness,12,0.13834703216799923,0.0,0.3,0.0025
betweenness,13,0.1520458668338895,0.0,0.3,0.0025
betweenness,14,0.1675587706135734,0.0,0.3,0.0025
betweenness,15,0.1822206296238233,0.0,0.3,0.0025
betweenness,16,0.1963524519794256,0.0,0.3,0.0025
betweenness,17,0.21155181294931805,0.0,0.3,0.0025
betweenness,18,0.22811732473330198,0.0,0.3,0.0025
betweenness,19,0.24321217143326387,0.0,0.3,0.0025
betweenness,20,0.2586578874679925,0.0,0.3,0.0025
betweenness,21,0.27528312169193675,0.0,0.3,0.0025
betweenness,22,0.2939762453995058,0.0,0.3,0.0025
betweenness,23,0.3104820347435294,0.0,0.3,0.0025
betweenness,24,0.3291900890610886,0.0,0.3,0.0025
betweenness,25,0.34803251886855835,0.0,0.3,0.0025
betweenness,26,0.36777078527543244,0.0,0.3,0.0025
betweenness,27,0.3889349249363583,0.0,0.3,0.0025
betweenness,28,0.4111666032115743,0.0,0.3,0.0025
betweenness,29,0.4359066239651221,0.0,0.3,0.0025
betweenness,30,0.46473763185594946,0.0,0.3,0.0025
betweenness,31,0.49563652923040175,0.0,0.3,0.0025
betweenness,32,0.5272744917993625,0.0,0.3,0.0025
betweenness,33,0.5598306868827126,0.0,0.3,0.0025
betweenness,34,0.593297649175457,0.0,0.3,0.0025
betweenness,35,0.6243159914298299,0.0,0.3,0.0025
betweenness,36,0.6503848364724941,0.0,0.3,0.0025
betweenness,37,0.6702798742842638,0.0,0.3,0.0025
betweenness,38,0.6854867005591514,0.0,0.3,0.0025
betweenness,39,0.6979015027658955,0.0,0.3,0.0025
betweenness,40,0.7092189051383694,0.0,0.3,0.0025
betweenness,41,0.7190581771218263,0.0,0.3,0.0025
betweenness,42,0.726971400416564,0.0,0.3,0.0025
betweenness,43,0.7333990280172896,0.0,0.3,0.0025
betweenness,44,0.7382365456540727,0.0,0.3,0.0025
betweenness,45,0.7421931573014415,0.0,0.3,0.0025
betweenness,46,0.7457541077840735,0.0,0.3,0.0025
betweenness,47,0.7494643643666062,0.0,0.3,0.0025
betweenness,48,0.7528237516143722,0.0,0.3,0.0025
betweenness,49,0.7564817510619396,0.0,0.3,0.0025
betweenness,50,0.7594156159249886,0.0,0.3,0.0025
betweenness,51,0.7625734399378886,0.0,0.3,0.0025
betweenness,52,0.76600001493061,0.0,0.3,0.0025
betweenness,53,0.7688069696087434,0.0,0.3,0.0025
betweenness,54,0.7720245160616037,0.0,0.3,0.0025
betweenness,55,0.7748911931796973,0.0,0.3,0.0025
betweenness,56,0.7778549192627264,0.0,0.3,0.0025
betweenness,57,0.7806021515008996,0.0,0.3,0.0025
betweenness,58,0.7819832329249812,0.0,0.3,0.0025
betweenness,59,0.7834389673990131,0.0,0.3,0.0025
betweenness,60,0.7852306405978217,0.0,0.3,0.0025
betweenness,61,0.787410509656372,0.0,0.3,0.0025
betweenness,62,0.7890304808402947,0.0,0.3,0.0025
betweenness,63,0.7909117376990437,0.0,0.3,0.0025
betweenness,64,0.7926436884578919,0.0,0.3,0.0025
betweenness,65,0.7942935208617948,0.0,0.3,0.0025
betweenness,66,0.7955029002709906,0.0,0.3,0.0025
betweenness,67,0.7974065530447246,0.0,0.3,0.0025
betweenness,68,0.7994893731383396,0.0,0.3,0.0025
betweenness,69,0.8017662911618254,0.0,0.3,0.0025
betweenness,70,0.804394078520078,0.0,0.3,0.0025
betweenness,71,0.8064619680037028,0.0,0.3,0.0025
betweenness,72,0.8087687472471687,0.0,0.3,0.0025
betweenness,73,0.8119638977850439,0.0,0.3,0.0025
betweenness,74,0.8171448194515987,0.0,0.3,0.0025
betweenness,75,0.8256478018409442,0.0,0.3,0.0025
betweenness,76,0.8323889722514612,0.0,0.3,0.0025
betweenness,77,0.8371891633632693,0.0,0.3,0.0025
betweenness,78,0.8414145259904593,0.0,0.3,0.0025
betweenness,79,0.8429449135144417,0.0,0.3,0.0025
betweenness,80,0.8433704358991585,0.0,0.3,0.0025
betweenness,81,0.8436839787089502,0.0,0.3,0.0025
betweenness,82,0.8441095010936672,0.0,0.3,0.0025
betweenness,83,0.8444006479884736,0.0,0.3,0.0025
betweenness,84,0.8447440520182452,0.0,0.3,0.0025
betweenness,85,0.8450202683030617,0.0,0.3,0.0025
betweenness,86,0.8453039498928728,0.0,0.3,0.0025
betweenness,87,0.8457145416676,0.0,0.3,0.0025
betweenness,88,0.8457145416676,0.0,0.3,0.0025
degree,0,0.002493411868341881,0.0,0.3,0.0025
degree,1,0.051786820750561756,0.0,0.3,0.0025
degree,2,0.06563496151635274,0.0,0.3,0.0025
degree,3,0.0836935342993438,0.0,0.3,0.0025
degree,4,0.10090852761789584,0.0,0.3,0.0025
degree,5,0.11825043112136346,0.0,0.3,0.0025
degree,6,0.13559979992982613,0.0,0.3,0.0025
degree,7,0.15480056437705764,0.0,0.3,0.0025
degree,8,0.17544959799332602,0.0,0.3,0.0025
degree,9,0.1976066232185916,0.0,0.3,0.0025
degree,10,0.22108500742797849,0.0,0.3,0.0025
degree,11,0.24506356707203275,0.0,0.3,0.0025
degree,12,0.27043813875015865,0.0,0.3,0.0025
degree,13,0.29420020454935686,0.0,0.3,0.0025
degree,14,0.3175367479638381,0.0,0.3,0.0025
degree,15,0.33912641000948096,0.0,0.3,0.0025
degree,16,0.36238083506901675,0.0,0.3,0.0025
degree,17,0.38607571312325967,0.0,0.3,0.0025
degree,18,0.4075757915089621,0.0,0.3,0.0025
degree,19,0.4277321149955581,0.0,0.3,0.0025
degree,20,0.4482915649518861,0.0,0.3,0.0025
degree,21,0.4686569169783431,0.0,0.3,0.0025
degree,22,0.49435249677125553,0.0,0.3,0.0025
degree,23,0.5225937455674752,0.0,0.3,0.0025
degree,24,0.5548961202809941,0.0,0.3,0.0025
degree,25,0.5855411972856152,0.0,0.3,0.0025
degree,26,0.6167237762498787,0.0,0.3,0.0025
degree,27,0.647227012459594,0.0,0.3,0.0025
degree,28,0.6771703507946817,0.0,0.3,0.0025
degree,29,0.7074048360245758,0.0,0.3,0.0025
degree,30,0.7370719580748472,0.0,0.3,0.0025
degree,31,0.7643576478317021,0.0,0.3,0.0025
degree,32,0.7860592894522705,0.0,0.3,0.0025
degree,33,0.8018036176868006,0.0,0.3,0.0025
degree,34,0.8137779668988376,0.0,0.3,0.0025
degree,35,0.8234679327823938,0.0,0.3,0.0025
degree,36,0.8289250707337649,0.0,0.3,0.0025
degree,37,0.832515882436377,0.0,0.3,0.0025
degree,38,0.8357632901092173,0.0,0.3,0.0025
degree,39,0.8378610408128224,0.0,0.3,0.0025
degree,40,0.8399737221264175,0.0,0.3,0.0025
degree,41,0.8413622688554941,0.0,0.3,0.0025
degree,42,0.8424148768597941,0.0,0.3,0.0025
degree,43,0.8433032481542033,0.0,0.3,0.0025
degree,44,0.8438332848088509,0.0,0.3,0.0025
degree,45,0.8444603704284338,0.0,0.3,0.0025
degree,46,0.8445126275633991,0.0,0.3,0.0025
degree,47,0.8445723500033594,0.0,0.3,0.0025
degree,48,0.8446320724433198,0.0,0.3,0.0025
degree,49,0.8446320724433198,0.0,0.3,0.0025
random,0,0.002493411868341881,0.0,0.3,0.0025
random,1,0.003937201854381761,0.0004775098631276656,0.3,0.0025
random,2,0.004141751211245735,0.0005297480110563283,0.3,0.0025
random,3,0.004295536494143468,0.0005702611355907805,0.3,0.0025
random,4,0.004342567915612192,0.000593000377752131,0.3,0.0025
random,5,0.004384373623584391,0.0006235806595221135,0.3,0.0025
random,6,0.0044634229086984905,0.000632510542982061,0.3,0.0025
random,7,0.004930833949220995,0.0007130441036825163,0.3,0.0025
random,8,0.005223225061526555,0.0006703965812205916,0.3,0.0025
random,9,0.005235667236518281,0.0006630827171968813,0.3,0.0025
random,10,0.004994289041678797,0.0,0.3,0.0025
random,11,0.005009219651668869,0.0,0.3,0.0025
random,12,0.005039080871649011,0.0,0.3,0.0025
random,13,0.005076407396624189,0.0,0.3,0.0025
random,14,0.005106268616604332,0.0,0.3,0.0025
random,15,0.005158525751569581,0.0,0.3,0.0025
random,16,0.005188386971549722,0.0,0.3,0.0025
random,17,0.005218248191529865,0.0,0.3,0.0025
random,18,0.005248109411510007,0.0,0.3,0.0025
random,19,0.005255574716505043,0.0,0.3,0.0025
random,20,0.005255574716505043,0.0,0.3,0.0025
betweenness,0,0.004994289041678797,0.0,0.3,0.005
betweenness,1,0.08128970609094234,0.0,0.3,0.005
betweenness,2,0.10212537233208663,0.0,0.3,0.005
betweenness,3,0.12775376438004374,0.0,0.3,0.005
betweenness,4,0.15333736459803066,0.0,0.3,0.005
betweenness,5,0.18160847461423035,0.0,0.3,0.005
betweenness,6,0.2149634573320493,0.0,0.3,0.005
betweenness,7,0.2519615088874456,0.0,0.3,0.005
betweenness,8,0.29387919643457033,0.0,0.3,0.005
betweenness,9,0.33931304263435685,0.0,0.3,0.005
betweenness,10,0.38832276992676534,0.0,0.3,0.005
betweenness,11,0.4389450030981016,0.0,0.3,0.005
betweenness,12,0.4868573305562399,0.0,0.3,0.005
betweenness,13,0.534941360029264,0.0,0.3,0.005
betweenness,14,0.5780161698506192,0.0,0.3,0.005
betweenness,15,0.616372906915112,0.0,0.3,0.005
betweenness,16,0.6458757922554926,0.0,0.3,0.005
betweenness,17,0.667786462415922,0.0,0.3,0.005
betweenness,18,0.6876889655326869,0.0,0.3,0.005
betweenness,19,0.7047397221413481,0.0,0.3,0.005
betweenness,20,0.7192373444417072,0.0,0.3,0.005
betweenness,21,0.7299201958896031,0.0,0.3,0.005
betweenness,22,0.7405582555075287,0.0,0.3,0.005
betweenness,23,0.7485386665472218,0.0,0.3,0.005
betweenness,24,0.7549289676229722,0.0,0.3,0.005
betweenness,25,0.7609460034489709,0.0,0.3,0.005
betweenness,26,0.7671869984248206,0.0,0.3,0.005
betweenness,27,0.7753092502594193,0.0,0.3,0.005
betweenness,28,0.7859099833523698,0.0,0.3,0.005
betweenness,29,0.7993549976484289,0.0,0.3,0.005
betweenness,30,0.813427097564071,0.0,0.3,0.005
betweenness,31,0.8238262674221556,0.0,0.3,0.005
betweenness,32,0.83103775204736,0.0,0.3,0.005
betweenness,33,0.8351511350996244,0.0,0.3,0.005
betweenness,34,0.8378311795928421,0.0,0.3,0.005
betweenness,35,0.8400483751763679,0.0,0.3,0.005
betweenness,36,0.841750464715236,0.0,0.3,0.005
betweenness,37,0.8439975215187416,0.0,0.3,0.005
betweenness,38,0.8447664479332303,0.0,0.3,0.005
betweenness,39,0.8452292968429225,0.0,0.3,0.005
betweenness,40,0.8453860682478183,0.0,0.3,0.005
betweenness,41,0.8457817294125551,0.0,0.3,0.005
betweenness,42,0.8457817294125551,0.0,0.3,0.005
degree,0,0.004994289041678797,0.0,0.3,0.005
degree,1,0.09348801445283048,0.0,0.3,0.005
degree,2,0.125499242271543,0.0,0.3,0.005
degree,3,0.16508775466021663,0.0,0.3,0.005
degree,4,0.2025635857352952,0.0,0.3,0.005
degree,5,0.24265973886363126,0.0,0.3,0.005
degree,6,0.28240502265720063,0.0,0.3,0.005
degree,7,0.32192634730091896,0.0,0.3,0.005
degree,8,0.36459056534754725,0.0,0.3,0.005
degree,9,0.4071651997342352,0.0,0.3,0.005
degree,10,0.45103133188506417,0.0,0.3,0.005
degree,11,0.4942031906713549,0.0,0.3,0.005
degree,12,0.5375392861675363,0.0,0.3,0.005
degree,13,0.5803976021440356,0.0,0.3,0.005
degree,14,0.6211283061969497,0.0,0.3,0.005
degree,15,0.661291647070241,0.0,0.3,0.005
degree,16,0.6972893477563026,0.0,0.3,0.005
degree,17,0.729084081730159,0.0,0.3,0.005
degree,18,0.7573477264413637,0.0,0.3,0.005
degree,19,0.7797660373414556,0.0,0.3,0.005
degree,20,0.7972199204198488,0.0,0.3,0.005
degree,21,0.8106574694109128,0.0,0.3,0.005
degree,22,0.8198920516897716,0.0,0.3,0.005
degree,23,0.826663083320269,0.0,0.3,0.005
degree,24,0.8316349764469628,0.0,0.3,0.005
degree,25,0.8348450575948281,0.0,0.3,0.005
degree,26,0.8375848245280061,0.0,0.3,0.005
degree,27,0.839667644621621,0.0,0.3,0.005
degree,28,0.8413697341604891,0.0,0.3,0.005
degree,29,0.8425567176546999,0.0,0.3,0.005
degree,30,0.8430867543093473,0.0,0.3,0.005
degree,31,0.8435645338290296,0.0,0.3,0.005
degree,32,0.843885541943816,0.0,0.3,0.005
degree,33,0.8441244317036573,0.0,0.3,0.005
degree,34,0.8445574193933695,0.0,0.3,0.005
degree,35,0.8445947459183445,0.0,0.3,0.005
degree,36,0.8446320724433198,0.0,0.3,0.005
degree,37,0.8446320724433198,0.0,0.3,0.005
random,0,0.004994289041678797,0.0,0.3,0.005
random,1,0.007223429113196419,0.00033276619694594275,0.3,0.005
random,2,0.007557874776974014,0.0003630421134892086,0.3,0.005
random,3,0.007813934738303734,0.00041986100613102385,0.3,0.005
random,4,0.007886348196755578,0.0004291262684374311,0.3,0.005
random,5,0.007919942069233238,0.00042980754697778174,0.3,0.005
random,6,0.00794980328921338,0.00043075737044520574,0.3,0.005
random,7,0.007999489041347006,0.0004345152396783818,0.3,0.005
random,8,0.008079948439626833,4.24495211236582e-05,0.3,0.005
random,9,0.00808243687462518,3.830896985843448e-05,0.3,0.005
random,10,0.008040133479653312,0.0,0.3,0.005
betweenness,0,0.009996043388352631,0.0,0.3,0.01
betweenness,1,0.14947033661060222,0.0,0.3,0.01
betweenness,2,0.19774099870850223,0.0,0.3,0.01
betweenness,3,0.2686464655513501,0.0,0.3,0.01
betweenness,4,0.33971616910408875,0.0,0.3,0.01
betweenness,5,0.41490672101408704,0.0,0.3,0.01
betweenness,6,0.48424447380797736,0.0,0.3,0.01
betweenness,7,0.5499167618493054,0.0,0.3,0.01
betweenness,8,0.6090046508850119,0.0,0.3,0.01
betweenness,9,0.6599852186961098,0.0,0.3,0.01
betweenness,10,0.7063372974102857,0.0,0.3,0.01
betweenness,11,0.7444626100199324,0.0,0.3,0.01
betweenness,12,0.7726814629011668,0.0,0.3,0.01
betweenness,13,0.7943905698267303,0.0,0.3,0.01
betweenness,14,0.8097317715915284,0.0,0.3,0.01
betweenness,15,0.8200861496196425,0.0,0.3,0.01
betweenness,16,0.8273648219898024,0.0,0.3,0.01
betweenness,17,0.832971266041074,0.0,0.3,0.01
betweenness,18,0.8370921143983339,0.0,0.3,0.01
betweenness,19,0.8404888281710751,0.0,0.3,0.01
betweenness,20,0.8434152277291289,0.0,0.3,0.01
betweenness,21,0.8451621090979671,0.0,0.3,0.01
betweenness,22,0.8460803416123566,0.0,0.3,0.01
betweenness,23,0.8466850313169545,0.0,0.3,0.01
betweenness,24,0.8469537822967756,0.0,0.3,0.01
betweenness,25,0.8471180190066665,0.0,0.3,0.01
betweenness,26,0.8471926720566169,0.0,0.3,0.01
betweenness,27,0.8475734026113637,0.0,0.3,0.01
betweenness,28,0.8475734026113637,0.0,0.3,0.01
degree,0,0.009996043388352631,0.0,0.3,0.01
degree,1,0.15691324569065268,0.0,0.3,0.01
degree,2,0.21388845341276416,0.0,0.3,0.01
degree,3,0.28827275238329864,0.0,0.3,0.01
degree,4,0.36020096601046636,0.0,0.3,0.01
degree,5,0.432950363187088,0.0,0.3,0.01
degree,6,0.500727867237016,0.0,0.3,0.01
degree,7,0.5660418206385822,0.0,0.3,0.01
degree,8,0.6244055750897702,0.0,0.3,0.01
degree,9,0.6776705262293491,0.0,0.3,0.01
degree,10,0.7219771113748852,0.0,0.3,0.01
degree,11,0.7563697714870141,0.0,0.3,0.01
degree,12,0.7820130941449613,0.0,0.3,0.01
degree,13,0.799168365023553,0.0,0.3,0.01
degree,14,0.8128597343844483,0.0,0.3,0.01
degree,15,0.8233708838174584,0.0,0.3,0.01
degree,16,0.8298731644681343,0.0,0.3,0.01
degree,17,0.8342926250251954,0.0,0.3,0.01
degree,18,0.8378386448978373,0.0,0.3,0.01
degree,19,0.8409591423857622,0.0,0.3,0.01
degree,20,0.8433405746791787,0.0,0.3,0.01
degree,21,0.8445200928683942,0.0,0.3,0.01
degree,22,0.8454905825177488,0.0,0.3,0.01
degree,23,0.8461475293573117,0.0,0.3,0.01
degree,24,0.8464685374720984,0.0,0.3,0.01
degree,25,0.8468492680268452,0.0,0.3,0.01
degree,26,0.8469761782117609,0.0,0.3,0.01
degree,27,0.8474166312064678,0.0,0.3,0.01
degree,28,0.8474763536464283,0.0,0.3,0.01
degree,29,0.8474763536464283,0.0,0.3,0.01
random,0,0.009996043388352631,0.0,0.3,0.01
random,1,0.0147320328772032,0.0003998288626160879,0.3,0.01
random,2,0.015475577254708741,0.00046851356463883264,0.3,0.01
random,3,0.01608399961180414,0.0005130311753503654,0.3,0.01
random,4,0.01627959060267407,0.0005393082242976999,0.3,0.01
random,5,0.016397542421595634,0.0005596074819046638,0.3,0.01
random,6,0.01645502527005741,0.0005750363552379354,0.3,0.01
random,7,0.01648936567303457,0.0005888585806069382,0.3,0.01
random,8,0.016579612915641223,0.0005843412877064593,0.3,0.01
random,9,0.01674281277761603,0.0005034286048968538,0.3,0.01
random,10,0.016796936238830038,0.0006206538021791678,0.3,0.01
random,11,0.017002232126193517,0.000797093935627935,0.3,0.01
random,12,0.017595723873298844,0.0,0.3,0.01
random,13,0.017610654483288916,0.0,0.3,0.01
random,14,0.017633050398274022,0.0,0.3,0.01
random,15,0.017640515703269057,0.0,0.3,0.01
random,16,0.017640515703269057,0.0,0.3,0.01
betweenness,0,0.019999552081700296,0.0,0.3,0.02
betweenness,1,0.25621673273461587,0.0,0.3,0.02
betweenness,2,0.35108582861152793,0.0,0.3,0.02
betweenness,3,0.48017588258568306,0.0,0.3,0.02
betweenness,4,0.5856307809455555,0.0,0.3,0.02
betweenness,5,0.6669951400864482,0.0,0.3,0.02
betweenness,6,0.7285540450755116,0.0,0.3,0.02
betweenness,7,0.771457152881981,0.0,0.3,0.02
betweenness,8,0.7988100303837913,0.0,0.3,0.02
betweenness,9,0.8176897867162364,0.0,0.3,0.02
betweenness,10,0.8310825438773302,0.0,0.3,0.02
betweenness,11,0.8392719834568843,0.0,0.3,0.02
betweenness,12,0.8442961337185431,0.0,0.3,0.02
betweenness,13,0.8468865945518204,0.0,0.3,0.02
betweenness,14,0.848708128970609,0.0,0.3,0.02
betweenness,15,0.8499175083798048,0.0,0.3,0.02
betweenness,16,0.8504102185094771,0.0,0.3,0.02
betweenness,17,0.8508805327241644,0.0,0.3,0.02
betweenness,18,0.8511866102289609,0.0,0.3,0.02
betweenness,19,0.8513807081588318,0.0,0.3,0.02
betweenness,20,0.851425499988802,0.0,0.3,0.02
betweenness,21,0.8515822713936977,0.0,0.3,0.02
betweenness,22,0.8517166468836084,0.0,0.3,0.02
betweenness,23,0.8517912999335587,0.0,0.3,0.02
betweenness,24,0.8521720304883056,0.0,0.3,0.02
betweenness,25,0.8521720304883056,0.0,0.3,0.02
degree,0,0.019999552081700296,0.0,0.3,0.02
degree,1,0.25467887990563853,0.0,0.3,0.02
degree,2,0.3484132494233052,0.0,0.3,0.02
degree,3,0.4641478727613417,0.0,0.3,0.02
degree,4,0.5607115928721268,0.0,0.3,0.02
degree,5,0.6408516419938337,0.0,0.3,0.02
degree,6,0.704724791531358,0.0,0.3,0.02
degree,7,0.7501884989511246,0.0,0.3,0.02
degree,8,0.7828342776944152,0.0,0.3,0.02
degree,9,0.8037968541204752,0.0,0.3,0.02
degree,10,0.8181526356259285,0.0,0.3,0.02
degree,11,0.8279097892544399,0.0,0.3,0.02
degree,12,0.8351660657096145,0.0,0.3,0.02
degree,13,0.8398468119415019,0.0,0.3,0.02
degree,14,0.844281203108553,0.0,0.3,0.02
degree,15,0.84678208028189,0.0,0.3,0.02
degree,16,0.8481631617059715,0.0,0.3,0.02
degree,17,0.84888729629049,0.0,0.3,0.02
degree,18,0.8493426798951871,0.0,0.3,0.02
degree,19,0.8495815696550283,0.0,0.3,0.02
degree,20,0.8497682022799042,0.0,0.3,0.02
degree,21,0.8497980634998843,0.0,0.3,0.02
degree,22,0.8498577859398446,0.0,0.3,0.02
degree,23,0.8499921614297552,0.0,0.3,0.02
degree,24,0.8500668144797056,0.0,0.3,0.02
degree,25,0.8504475450344524,0.0,0.3,0.02
degree,26,0.8504475450344524,0.0,0.3,0.02
random,0,0.019999552081700296,0.0,0.3,0.02
random,1,0.02977088978970236,0.0007249973266368053,0.3,0.02
random,2,0.031310982210178195,0.0008256040818998135,0.3,0.02
random,3,0.03255544855285063,0.0009091234269092296,0.3,0.02
random,4,0.03298843624256269,0.0009907625117552025,0.3,0.02
random,5,0.03330720476585071,0.0010945788033520352,0.3,0.02
random,6,0.033459496987749436,0.0011467231204617407,0.3,0.02
random,7,0.03354833411719036,0.0011976455301917022,0.3,0.02
random,8,0.0335983516606571,0.001236930928001687,0.3,0.02
random,9,0.033781334580868745,0.0012437209573105527,0.3,0.02
random,10,0.03426361698292898,0.0009006008372901875,0.3,0.02
random,11,0.034283666659201364,0.0009077424094165328,0.3,0.02
random,12,0.03437213052339254,0.0010418737379141064,0.3,0.02
random,13,0.03429561114719342,0.0016047454068270992,0.3,0.02
random,14,0.034306809104685976,0.0016100241746127113,0.3,0.02
random,15,0.03432547236717356,0.0016047454068270992,0.3,0.02
random,16,0.03432547236717356,0.0016047454068270992,0.3,0.02
betweenness,0,0.04999514755175323,0.0,0.3,0.05
betweenness,1,0.4699484147424843,0.0,0.3,0.05
betweenness,2,0.6146185602412787,0.0,0.3,0.05
betweenness,3,0.7379080722342911,0.0,0.3,0.05
betweenness,4,0.8009003157824013,0.0,0.3,0.05
betweenness,5,0.8361141594439839,0.0,0.3,0.05
betweenness,6,0.8542697811919104,0.0,0.3,0.05
betweenness,7,0.8632878696259135,0.0,0.3,0.05
betweenness,8,0.8684239994624982,0.0,0.3,0.05
betweenness,9,0.8711189745657059,0.0,0.3,0.05
betweenness,10,0.872417937634842,0.0,0.3,0.05
betweenness,11,0.8730972803893902,0.0,0.3,0.05
betweenness,12,0.8735601292990826,0.0,0.3,0.05
betweenness,13,0.8738662068038788,0.0,0.3,0.05
betweenness,14,0.8741498883936905,0.0,0.3,0.05
betweenness,15,0.8742842638836009,0.0,0.3,0.05
betweenness,16,0.8744037087635215,0.0,0.3,0.05
betweenness,17,0.8744111740685165,0.0,0.3,0.05
betweenness,18,0.8744111740685165,0.0,0.3,0.05
degree,0,0.04999514755175323,0.0,0.3,0.05
degree,1,0.44838861391682155,0.0,0.3,0.05
degree,2,0.5831522996872037,0.0,0.3,0.05
degree,3,0.7065089994251715,0.0,0.3,0.05
degree,4,0.7717035079468172,0.0,0.3,0.05
degree,5,0.8109784775256992,0.0,0.3,0.05
degree,6,0.8334789067807366,0.0,0.3,0.05
degree,7,0.8456548192276395,0.0,0.3,0.05
degree,8,0.8526124834830127,0.0,0.3,0.05
degree,9,0.8562555523205899,0.0,0.3,0.05
degree,10,0.8585921927840362,0.0,0.3,0.05
degree,11,0.860212163967959,0.0,0.3,0.05
degree,12,0.8609288332474824,0.0,0.3,0.05
degree,13,0.8612946331922391,0.0,0.3,0.05
degree,14,0.8615633841720604,0.0,0.3,0.05
degree,15,0.8615932453920404,0.0,0.3,0.05
degree,16,0.8616828290519809,0.0,0.3,0.05
degree,17,0.8617201555769561,0.0,0.3,0.05
degree,18,0.8617201555769561,0.0,0.3,0.05
random,0,0.04999514755175323,0.0,0.3,0.05
random,1,0.07668062678700739,0.0015414090314939532,0.3,0.05
random,2,0.0821646398363605,0.0018620039748987894,0.3,0.05
random,3,0.08729405089844947,0.0021426857366340737,0.3,0.05
random,4,0.08973520563182609,0.002254266795994584,0.3,0.05
random,5,0.09154703515412121,0.002191202314336414,0.3,0.05
random,6,0.09285122393675393,0.0020996111866315903,0.3,0.05
random,7,0.09375751196315125,0.0020088112507359555,0.3,0.05
random,8,0.09449135144416325,0.0020174416426710865,0.3,0.05
random,9,0.09499003381783164,0.002074282754122005,0.3,0.05
random,10,0.09541480967204916,0.002083762185777684,0.3,0.05
random,11,0.09574104350033222,0.0021439793325619223,0.3,0.05
random,12,0.09606055855411974,0.002137596660157602,0.3,0.05
random,13,0.09632035116794696,0.002163677274148964,0.3,0.05
random,14,0.0965577478667891,0.0021403168148904955,0.3,0.05
random,15,0.09675109926616052,0.0021482169459618285,0.3,0.05
random,16,0.09688099557307414,0.002128088456454365,0.3,0.05
random,17,0.09698252372100662,0.002114966126258019,0.3,0.05
random,18,0.0970638955454525,0.0020992983938317444,0.3,0.05
random,19,0.09681754048061633,0.0021893989964441914,0.3,0.05
random,20,0.09688566138869603,0.0022238606668192615,0.3,0.05
random,21,0.09693805183267905,0.0024710889836025204,0.3,0.05
random,22,0.09750882772315664,0.0028268114470400996,0.3,0.05
random,23,0.09755212649212783,0.0028336836521792312,0.3,0.05
random,24,0.09764171015206827,0.0028946839245212685,0.3,0.05
random,25,0.0972318649078408,0.0031583357772109913,0.3,0.05
random,26,0.09729158734780109,0.00320793053536022,0.3,0.05
random,27,0.09792489405487996,0.003723685850034794,0.3,0.05
random,28,0.09801447771482037,0.0037321846424173384,0.3,0.05
random,29,0.09808415389477404,0.0037885325716026544,0.3,0.05
random,30,0.09734384448276634,0.005094010913118919,0.3,0.05
random,31,0.09742969549020924,0.005194307501045612,0.3,0.05
random,32,0.09748568527767201,0.005262931482258626,0.3,0.05
random,33,0.09752674445514473,0.005299882856757913,0.3,0.05
random,34,0.09757900159010996,0.005352670534614078,0.3,0.05
random,35,0.09762006076758266,0.005389621909113381,0.3,0.05
random,36,0.09763125872507522,0.005394900676898985,0.3,0.05
random,37,0.09763125872507522,0.005394900676898985,0.3,0.05
