strategy,run_id,n_steps,final_fraction,t_50,t_90,auc,tau,seed_fraction
random,0,12,1.0,4.0,5.0,8.865706628444304,0.05,0.0025
random,1,12,1.0,4.0,5.0,8.87732264301658,0.05,0.0025
random,2,12,1.0,4.0,5.0,8.836718849148582,0.05,0.0025
random,3,12,1.0,4.0,5.0,8.782229587989818,0.05,0.0025
random,4,11,1.0,4.0,5.0,7.984905153300039,0.05,0.0025
random,5,11,1.0,4.0,5.0,7.91829970213433,0.05,0.0025
random,6,11,1.0,4.0,5.0,7.833374392510806,0.05,0.0025
random,7,11,1.0,4.0,5.0,7.895314028054616,0.05,0.0025
random,8,12,1.0,4.0,5.0,8.951288884907393,0.05,0.0025
random,9,12,1.0,4.0,5.0,8.769471381753302,0.05,0.0025
degree,0,10,1.0,2.0,3.0,8.887124588475062,0.05,0.0025
degree,1,10,1.0,2.0,3.0,8.887124588475062,0.05,0.0025
degree,2,10,1.0,2.0,3.0,8.887124588475062,0.05,0.0025
degree,3,10,1.0,2.0,3.0,8.887124588475062,0.05,0.0025
degree,4,10,1.0,2.0,3.0,8.887124588475062,0.05,0.0025
degree,5,10,1.0,2.0,3.0,8.887124588475062,0.05,0.0025
degree,6,10,1.0,2.0,3.0,8.887124588475062,0.05,0.0025
degree,7,10,1.0,2.0,3.0,8.887124588475062,0.05,0.0025
degree,8,10,1.0,2.0,3.0,8.887124588475062,0.05,0.0025
degree,9,10,1.0,2.0,3.0,8.887124588475062,0.05,0.0025
betweenness,0,10,1.0,2.0,3.0,8.861869461676857,0.05,0.0025
betweenness,1,10,1.0,2.0,3.0,8.861869461676857,0.05,0.0025
betweenness,2,10,1.0,2.0,3.0,8.861869461676857,0.05,0.0025
betweenness,3,10,1.0,2.0,3.0,8.861869461676857,0.05,0.0025
betweenness,4,10,1.0,2.0,3.0,8.861869461676857,0.05,0.0025
betweenness,5,10,1.0,2.0,3.0,8.861869461676857,0.05,0.0025
betweenness,6,10,1.0,2.0,3.0,8.861869461676857,0.05,0.0025
betweenness,7,10,1.0,2.0,3.0,8.861869461676857,0.05,0.0025
betweenness,8,10,1.0,2.0,3.0,8.861869461676857,0.05,0.0025
betweenness,9,10,1.0,2.0,3.0,8.861869461676857,0.05,0.0025
random,0,10,1.0,4.0,5.0,7.457078228931044,0.05,0.005
random,1,10,1.0,4.0,5.0,7.424335401222817,0.05,0.005
random,2,10,1.0,4.0,5.0,7.418295969481834,0.05,0.005
random,3,12,1.0,4.0,5.0,9.333310937418348,0.05,0.005
random,4,11,1.0,4.0,5.0,8.455391070002165,0.05,0.005
random,5,11,1.0,4.0,5.0,8.444573843064358,0.05,0.005
random,6,11,1.0,4.0,5.0,8.429031078064694,0.05,0.005
random,7,11,1.0,4.0,5.0,8.366703246661142,0.05,0.005
random,8,11,1.0,4.0,5.0,8.316543862399499,0.05,0.005
random,9,11,1.0,4.0,5.0,8.365434144811985,0.05,0.005
degree,0,10,1.0,2.0,3.0,9.155158899016818,0.05,0.005
degree,1,10,1.0,2.0,3.0,9.155158899016818,0.05,0.005
degree,2,10,1.0,2.0,3.0,9.155158899016818,0.05,0.005
degree,3,10,1.0,2.0,3.0,9.155158899016818,0.05,0.005
degree,4,10,1.0,2.0,3.0,9.155158899016818,0.05,0.005
degree,5,10,1.0,2.0,3.0,9.155158899016818,0.05,0.005
degree,6,10,1.0,2.0,3.0,9.155158899016818,0.05,0.005
degree,7,10,1.0,2.0,3.0,9.155158899016818,0.05,0.005
degree,8,10,1.0,2.0,3.0,9.155158899016818,0.05,0.005
degree,9,10,1.0,2.0,3.0,9.155158899016818,0.05,0.005
betweenness,0,10,1.0,2.0,3.0,9.22031608101349,0.05,0.005
betweenness,1,10,1.0,2.0,3.0,9.22031608101349,0.05,0.005
betweenness,2,10,1.0,2.0,3.0,9.22031608101349,0.05,0.005
betweenness,3,10,1.0,2.0,3.0,9.22031608101349,0.05,0.005
betweenness,4,10,1.0,2.0,3.0,9.22031608101349,0.05,0.005
betweenness,5,10,1.0,2.0,3.0,9.22031608101349,0.05,0.005
betweenness,6,10,1.0,2.0,3.0,9.22031608101349,0.05,0.005
betweenness,7,10,1.0,2.0,3.0,9.22031608101349,0.05,0.005
betweenness,8,10,1.0,2.0,3.0,9.22031608101349,0.05,0.005
betweenness,9,10,1.0,2.0,3.0,9.22031608101349,0.05,0.005
random,0,10,1.0,3.0,4.0,7.897075840033444,0.05,0.01
random,1,11,1.0,3.0,4.0,8.986905855038707,0.05,0.01
random,2,10,1.0,3.0,4.0,7.937164527856786,0.05,0.01
random,3,11,1.0,3.0,4.0,8.944502922666906,0.05,0.01
random,4,11,1.0,3.0,4.0,8.92989332079162,0.05,0.01
random,5,10,1.0,3.0,4.0,7.972303718468418,0.05,0.01
random,6,10,1.0,3.0,4.0,7.9545960150201935,0.05,0.01
random,7,11,1.0,3.0,4.0,8.93822460116608,0.05,0.01
random,8,10,1.0,3.0,4.0,7.943920628877293,0.05,0.01
random,9,11,1.0,3.0,4.0,8.890155502303047,0.05,0.01
degree,0,9,1.0,1.0,3.0,8.406851656924445,0.05,0.01
degree,1,9,1.0,1.0,3.0,8.406851656924445,0.05,0.01
degree,2,9,1.0,1.0,3.0,8.406851656924445,0.05,0.01
degree,3,9,1.0,1.0,3.0,8.406851656924445,0.05,0.01
degree,4,9,1.0,1.0,3.0,8.406851656924445,0.05,0.01
degree,5,9,1.0,1.0,3.0,8.406851656924445,0.05,0.01
degree,6,9,1.0,1.0,3.0,8.406851656924445,0.05,0.01
degree,7,9,1.0,1.0,3.0,8.406851656924445,0.05,0.01
degree,8,9,1.0,1.0,3.0,8.406851656924445,0.05,0.01
degree,9,9,1.0,1.0,3.0,8.406851656924445,0.05,0.01
betweenness,0,10,1.0,1.0,3.0,9.485924167431861,0.05,0.01
betweenness,1,10,1.0,1.0,3.0,9.485924167431861,0.05,0.01
betweenness,2,10,1.0,1.0,3.0,9.485924167431861,0.05,0.01
betweenness,3,10,1.0,1.0,3.0,9.485924167431861,0.05,0.01
betweenness,4,10,1.0,1.0,3.0,9.485924167431861,0.05,0.01
betweenness,5,10,1.0,1.0,3.0,9.485924167431861,0.05,0.01
betweenness,6,10,1.0,1.0,3.0,9.485924167431861,0.05,0.01
betweenness,7,10,1.0,1.0,3.0,9.485924167431861,0.05,0.01
betweenness,8,10,1.0,1.0,3.0,9.485924167431861,0.05,0.01
betweenness,9,10,1.0,1.0,3.0,9.485924167431861,0.05,0.01
random,0,10,1.0,3.0,3.0,8.45870566541996,0.05,0.02
random,1,11,1.0,3.0,3.0,9.459407404089495,0.05,0.02
random,2,10,1.0,3.0,4.0,8.429926914664097,0.05,0.02
random,3,10,1.0,3.0,4.0,8.427784372130525,0.05,0.02
random,4,10,1.0,3.0,4.0,8.37434771897606,0.05,0.02
random,5,8,1.0,3.0,4.0,6.433726754906572,0.05,0.02
random,6,10,1.0,3.0,4.0,8.402686016737213,0.05,0.02
random,7,9,1.0,3.0,4.0,7.41672079012788,0.05,0.02
random,8,10,1.0,3.0,4.0,8.445409957223802,0.05,0.02
random,9,8,1.0,3.0,4.0,6.3799093711973605,0.05,0.02
degree,0,9,1.0,1.0,2.0,8.615245645860862,0.05,0.02
degree,1,9,1.0,1.0,2.0,8.615245645860862,0.05,0.02
degree,2,9,1.0,1.0,2.0,8.615245645860862,0.05,0.02
degree,3,9,1.0,1.0,2.0,8.615245645860862,0.05,0.02
degree,4,9,1.0,1.0,2.0,8.615245645860862,0.05,0.02
degree,5,9,1.0,1.0,2.0,8.615245645860862,0.05,0.02
degree,6,9,1.0,1.0,2.0,8.615245645860862,0.05,0.02
degree,7,9,1.0,1.0,2.0,8.615245645860862,0.05,0.02
degree,8,9,1.0,1.0,2.0,8.615245645860862,0.05,0.02
degree,9,9,1.0,1.0,2.0,8.615245645860862,0.05,0.02
betweenness,0,9,1.0,1.0,2.0,8.713451733070555,0.05,0.02
betweenness,1,9,1.0,1.0,2.0,8.713451733070555,0.05,0.02
betweenness,2,9,1.0,1.0,2.0,8.713451733070555,0.05,0.02
betweenness,3,9,1.0,1.0,2.0,8.713451733070555,0.05,0.02
betweenness,4,9,1.0,1.0,2.0,8.713451733070555,0.05,0.02
betweenness,5,9,1.0,1.0,2.0,8.713451733070555,0.05,0.02
betweenness,6,9,1.0,1.0,2.0,8.713451733070555,0.05,0.02
betweenness,7,9,1.0,1.0,2.0,8.713451733070555,0.05,0.02
betweenness,8,9,1.0,1.0,2.0,8.713451733070555,0.05,0.02
betweenness,9,9,1.0,1.0,2.0,8.713451733070555,0.05,0.02
random,0,10,1.0,2.0,3.0,9.193717199316179,0.05,0.05
random,1,9,1.0,2.0,3.0,8.201817055235793,0.05,0.05
random,2,8,1.0,2.0,3.0,7.190327950848432,0.05,0.05
random,3,8,1.0,2.0,3.0,7.194486125730667,0.05,0.05
random,4,8,1.0,2.0,3.0,7.165677513754825,0.05,0.05
random,5,8,1.0,2.0,3.0,7.219800974968832,0.05,0.05
random,6,8,1.0,2.0,3.0,7.1923286525871015,0.05,0.05
random,7,8,1.0,2.0,3.0,7.2031234836099225,0.05,0.05
random,8,8,1.0,2.0,3.0,7.1942173747508456,0.05,0.05
random,9,9,1.0,2.0,3.0,8.19938336580741,0.05,0.05
degree,0,9,1.0,1.0,2.0,8.827581315834658,0.05,0.05
degree,1,9,1.0,1.0,2.0,8.827581315834658,0.05,0.05
degree,2,9,1.0,1.0,2.0,8.827581315834658,0.05,0.05
degree,3,9,1.0,1.0,2.0,8.827581315834658,0.05,0.05
degree,4,9,1.0,1.0,2.0,8.827581315834658,0.05,0.05
degree,5,9,1.0,1.0,2.0,8.827581315834658,0.05,0.05
degree,6,9,1.0,1.0,2.0,8.827581315834658,0.05,0.05
degree,7,9,1.0,1.0,2.0,8.827581315834658,0.05,0.05
degree,8,9,1.0,1.0,2.0,8.827581315834658,0.05,0.05
degree,9,9,1.0,1.0,2.0,8.827581315834658,0.05,0.05
betweenness,0,6,1.0,1.0,1.0,5.9446596940718015,0.05,0.05
betweenness,1,6,1.0,1.0,1.0,5.9446596940718015,0.05,0.05
betweenness,2,6,1.0,1.0,1.0,5.9446596940718015,0.05,0.05
betweenness,3,6,1.0,1.0,1.0,5.9446596940718015,0.05,0.05
betweenness,4,6,1.0,1.0,1.0,5.9446596940718015,0.05,0.05
betweenness,5,6,1.0,1.0,1.0,5.9446596940718015,0.05,0.05
betweenness,6,6,1.0,1.0,1.0,5.9446596940718015,0.05,0.05
betweenness,7,6,1.0,1.0,1.0,5.9446596940718015,0.05,0.05
betweenness,8,6,1.0,1.0,1.0,5.9446596940718015,0.05,0.05
betweenness,9,6,1.0,1.0,1.0,5.9446596940718015,0.05,0.05
random,0,14,0.9960881801826014,7.0,8.0,8.314864168775614,0.1,0.0025
random,1,14,0.9959911312176659,7.0,8.0,8.270035012280426,0.1,0.0025
random,2,16,0.9963569311624226,7.0,8.0,10.155345531641695,0.1,0.0025
random,3,15,0.9963793270774077,7.0,9.0,9.093390965487895,0.1,0.0025
random,4,14,0.9959911312176659,7.0,8.0,8.507469037647533,0.1,0.0025
random,5,14,0.9961777638425418,7.0,8.0,8.308369353429933,0.1,0.0025
random,6,15,0.9960807148776063,7.0,9.0,9.135652057064792,0.1,0.0025
random,7,14,0.9963270699424425,7.0,9.0,8.359715721185788,0.1,0.0025
random,8,15,0.9961329720125716,7.0,8.0,9.513478608168537,0.1,0.0025
degree,0,12,0.9959911312176659,3.0,4.0,10.2108276783648,0.1,0.0025
random,9,15,0.996215090367517,7.0,9.0,8.964696572678477,0.1,0.0025
degree,1,12,0.9959911312176659,3.0,4.0,10.2108276783648,0.1,0.0025
degree,2,12,0.9959911312176659,3.0,4.0,10.2108276783648,0.1,0.0025
degree,3,12,0.9959911312176659,3.0,4.0,10.2108276783648,0.1,0.0025
degree,4,12,0.9959911312176659,3.0,4.0,10.2108276783648,0.1,0.0025
degree,5,12,0.9959911312176659,3.0,4.0,10.2108276783648,0.1,0.0025
degree,6,12,0.9959911312176659,3.0,4.0,10.2108276783648,0.1,0.0025
degree,7,12,0.9959911312176659,3.0,4.0,10.2108276783648,0.1,0.0025
degree,8,12,0.9959911312176659,3.0,4.0,10.2108276783648,0.1,0.0025
degree,9,12,0.9959911312176659,3.0,4.0,10.2108276783648,0.1,0.0025
betweenness,0,11,0.9960732495726113,3.0,4.0,9.152396736168654,0.1,0.0025
betweenness,1,11,0.9960732495726113,3.0,4.0,9.152396736168654,0.1,0.0025
betweenness,2,11,0.9960732495726113,3.0,4.0,9.152396736168654,0.1,0.0025
betweenness,3,11,0.9960732495726113,3.0,4.0,9.152396736168654,0.1,0.0025
betweenness,4,11,0.9960732495726113,3.0,4.0,9.152396736168654,0.1,0.0025
betweenness,5,11,0.9960732495726113,3.0,4.0,9.152396736168654,0.1,0.0025
betweenness,6,11,0.9960732495726113,3.0,4.0,9.152396736168654,0.1,0.0025
betweenness,7,11,0.9960732495726113,3.0,4.0,9.152396736168654,0.1,0.0025
betweenness,8,11,0.9960732495726113,3.0,4.0,9.152396736168654,0.1,0.0025
betweenness,9,11,0.9960732495726113,3.0,4.0,9.152396736168654,0.1,0.0025
random,0,13,0.9964539801273581,6.0,7.0,8.303643815368076,0.1,0.005
random,1,13,0.9963569311624226,6.0,8.0,8.06828514478959,0.1,0.005
random,2,14,0.9965808903122737,6.0,7.0,9.203772965144491,0.1,0.005
random,3,14,0.9961255067075765,6.0,8.0,8.87270908452965,0.1,0.005
random,4,13,0.9966779392772092,6.0,7.0,8.373392159936694,0.1,0.005
random,5,15,0.9965958209222637,6.0,7.0,10.252625921032005,0.1,0.005
random,6,14,0.9963867923824028,6.0,7.0,9.288257821773309,0.1,0.005
random,7,13,0.9963345352474375,6.0,7.0,8.170679268101498,0.1,0.005
random,8,13,0.9964017229923928,6.0,8.0,8.056363052712518,0.1,0.005
degree,0,9,0.9959911312176659,2.0,4.0,7.643890021126813,0.1,0.005
random,9,14,0.9964838413473383,6.0,8.0,9.082267661045293,0.1,0.005
degree,1,9,0.9959911312176659,2.0,4.0,7.643890021126813,0.1,0.005
degree,2,9,0.9959911312176659,2.0,4.0,7.643890021126813,0.1,0.005
degree,3,9,0.9959911312176659,2.0,4.0,7.643890021126813,0.1,0.005
degree,4,9,0.9959911312176659,2.0,4.0,7.643890021126813,0.1,0.005
degree,5,9,0.9959911312176659,2.0,4.0,7.643890021126813,0.1,0.005
degree,6,9,0.9959911312176659,2.0,4.0,7.643890021126813,0.1,0.005
degree,7,9,0.9959911312176659,2.0,4.0,7.643890021126813,0.1,0.005
degree,8,9,0.9959911312176659,2.0,4.0,7.643890021126813,0.1,0.005
degree,9,9,0.9959911312176659,2.0,4.0,7.643890021126813,0.1,0.005
betweenness,0,10,0.9963345352474375,2.0,4.0,8.692937074944197,0.1,0.005
betweenness,1,10,0.9963345352474375,2.0,4.0,8.692937074944197,0.1,0.005
betweenness,2,10,0.9963345352474375,2.0,4.0,8.692937074944197,0.1,0.005
betweenness,3,10,0.9963345352474375,2.0,4.0,8.692937074944197,0.1,0.005
betweenness,4,10,0.9963345352474375,2.0,4.0,8.692937074944197,0.1,0.005
betweenness,5,10,0.9963345352474375,2.0,4.0,8.692937074944197,0.1,0.005
betweenness,6,10,0.9963345352474375,2.0,4.0,8.692937074944197,0.1,0.005
betweenness,7,10,0.9963345352474375,2.0,4.0,8.692937074944197,0.1,0.005
betweenness,8,10,0.9963345352474375,2.0,4.0,8.692937074944197,0.1,0.005
betweenness,9,10,0.9963345352474375,2.0,4.0,8.692937074944197,0.1,0.005
random,0,13,0.9964689107373482,5.0,6.0,9.247101595335678,0.1,0.01
random,1,13,0.996431584212373,5.0,6.0,9.399446074369369,0.1,0.01
random,2,13,0.9965435637872986,5.0,6.0,9.311348010122956,0.1,0.01
random,3,12,0.9966182168372489,5.0,6.0,8.359708255880793,0.1,0.01
random,4,13,0.9963793270774077,5.0,6.0,9.290982658096496,0.1,0.01
random,5,12,0.9967525923271595,5.0,6.0,8.38900957798631,0.1,0.01
random,6,12,0.9966854045822042,5.0,6.0,8.327570117877166,0.1,0.01
random,7,12,0.9966107515322539,5.0,6.0,8.297380424477241,0.1,0.01
random,8,12,0.9968869678170702,5.0,6.0,8.300926444349884,0.1,0.01
degree,0,9,0.9959911312176659,2.0,3.0,8.045777250229557,0.1,0.01
random,9,13,0.9969242943420453,5.0,6.0,9.20873739296619,0.1,0.01
degree,1,9,0.9959911312176659,2.0,3.0,8.045777250229557,0.1,0.01
degree,2,9,0.9959911312176659,2.0,3.0,8.045777250229557,0.1,0.01
degree,3,9,0.9959911312176659,2.0,3.0,8.045777250229557,0.1,0.01
degree,4,9,0.9959911312176659,2.0,3.0,8.045777250229557,0.1,0.01
degree,5,9,0.9959911312176659,2.0,3.0,8.045777250229557,0.1,0.01
degree,6,9,0.9959911312176659,2.0,3.0,8.045777250229557,0.1,0.01
degree,7,9,0.9959911312176659,2.0,3.0,8.045777250229557,0.1,0.01
degree,8,9,0.9959911312176659,2.0,3.0,8.045777250229557,0.1,0.01
degree,9,9,0.9959911312176659,2.0,3.0,8.045777250229557,0.1,0.01
betweenness,0,9,0.9963345352474375,2.0,3.0,8.133755869596051,0.1,0.01
betweenness,1,9,0.9963345352474375,2.0,3.0,8.133755869596051,0.1,0.01
betweenness,2,9,0.9963345352474375,2.0,3.0,8.133755869596051,0.1,0.01
betweenness,3,9,0.9963345352474375,2.0,3.0,8.133755869596051,0.1,0.01
betweenness,4,9,0.9963345352474375,2.0,3.0,8.133755869596051,0.1,0.01
betweenness,5,9,0.9963345352474375,2.0,3.0,8.133755869596051,0.1,0.01
betweenness,6,9,0.9963345352474375,2.0,3.0,8.133755869596051,0.1,0.01
betweenness,7,9,0.9963345352474375,2.0,3.0,8.133755869596051,0.1,0.01
betweenness,8,9,0.9963345352474375,2.0,3.0,8.133755869596051,0.1,0.01
betweenness,9,9,0.9963345352474375,2.0,3.0,8.133755869596051,0.1,0.01
random,0,12,0.9969840167820057,4.0,5.0,9.423596336028309,0.1,0.02
random,1,12,0.9972378371518369,4.0,5.0,9.449739834120923,0.1,0.02
random,2,12,0.9977753391114794,4.0,5.0,9.416646137077931,0.1,0.02
random,3,12,0.9974468656916978,4.0,5.0,9.390144304345553,0.1,0.02
random,4,12,0.9971034616619262,4.0,5.0,9.23520189917359,0.1,0.02
random,5,10,0.9977902697214694,4.0,5.0,7.374974804595642,0.1,0.02
random,6,12,0.9970810657469411,4.0,5.0,9.285980903749824,0.1,0.02
random,7,11,0.9975588452666234,4.0,5.0,8.317044037834165,0.1,0.02
random,8,11,0.9971407881869013,4.0,5.0,8.438131284853643,0.1,0.02
degree,0,9,0.9959911312176659,1.0,3.0,8.378670130568185,0.1,0.02
random,9,11,0.997275163676812,4.0,5.0,8.277492851970468,0.1,0.02
degree,1,9,0.9959911312176659,1.0,3.0,8.378670130568185,0.1,0.02
degree,2,9,0.9959911312176659,1.0,3.0,8.378670130568185,0.1,0.02
degree,3,9,0.9959911312176659,1.0,3.0,8.378670130568185,0.1,0.02
degree,4,9,0.9959911312176659,1.0,3.0,8.378670130568185,0.1,0.02
degree,5,9,0.9959911312176659,1.0,3.0,8.378670130568185,0.1,0.02
degree,6,9,0.9959911312176659,1.0,3.0,8.378670130568185,0.1,0.02
degree,7,9,0.9959911312176659,1.0,3.0,8.378670130568185,0.1,0.02
degree,8,9,0.9959911312176659,1.0,3.0,8.378670130568185,0.1,0.02
degree,9,9,0.9959911312176659,1.0,3.0,8.378670130568185,0.1,0.02
betweenness,0,8,0.9963345352474375,1.0,3.0,7.495412570080552,0.1,0.02
betweenness,1,8,0.9963345352474375,1.0,3.0,7.495412570080552,0.1,0.02
betweenness,2,8,0.9963345352474375,1.0,3.0,7.495412570080552,0.1,0.02
betweenness,3,8,0.9963345352474375,1.0,3.0,7.495412570080552,0.1,0.02
betweenness,4,8,0.9963345352474375,1.0,3.0,7.495412570080552,0.1,0.02
betweenness,5,8,0.9963345352474375,1.0,3.0,7.495412570080552,0.1,0.02
betweenness,6,8,0.9963345352474375,1.0,3.0,7.495412570080552,0.1,0.02
betweenness,7,8,0.9963345352474375,1.0,3.0,7.495412570080552,0.1,0.02
betweenness,8,8,0.9963345352474375,1.0,3.0,7.495412570080552,0.1,0.02
betweenness,9,8,0.9963345352474375,1.0,3.0,7.495412570080552,0.1,0.02
random,0,9,0.9986114532709234,3.0,4.0,7.544989660552582,0.1,0.05
random,1,9,0.9980888819212709,3.0,4.0,7.549013459944907,0.1,0.05
random,2,9,0.9977081513665241,3.0,4.0,7.5216755130530855,0.1,0.05
random,3,9,0.9979395758213702,3.0,4.0,7.5390622083865235,0.1,0.05
random,4,8,0.9981486043612312,3.0,4.0,6.518204146230394,0.1,0.05
random,5,9,0.9978425268564347,3.0,4.0,7.582256463087798,0.1,0.05
random,6,9,0.9985591961359581,3.0,4.0,7.539360820586325,0.1,0.05
random,7,9,0.998738363455839,3.0,4.0,7.5555754630355425,0.1,0.05
random,8,8,0.9972303718468418,3.0,4.0,6.55193985950296,0.1,0.05
random,9,9,0.9977380125865042,3.0,4.0,7.5638320903600516,0.1,0.05
degree,0,9,0.9959911312176659,1.0,2.0,8.710040088687823,0.1,0.05
degree,1,9,0.9959911312176659,1.0,2.0,8.710040088687823,0.1,0.05
degree,2,9,0.9959911312176659,1.0,2.0,8.710040088687823,0.1,0.05
degree,3,9,0.9959911312176659,1.0,2.0,8.710040088687823,0.1,0.05
degree,4,9,0.9959911312176659,1.0,2.0,8.710040088687823,0.1,0.05
degree,5,9,0.9959911312176659,1.0,2.0,8.710040088687823,0.1,0.05
degree,6,9,0.9959911312176659,1.0,2.0,8.710040088687823,0.1,0.05
degree,7,9,0.9959911312176659,1.0,2.0,8.710040088687823,0.1,0.05
degree,8,9,0.9959911312176659,1.0,2.0,8.710040088687823,0.1,0.05
degree,9,9,0.9959911312176659,1.0,2.0,8.710040088687823,0.1,0.05
betweenness,0,7,0.9967749882421446,1.0,2.0,6.847289721021552,0.1,0.05
betweenness,1,7,0.9967749882421446,1.0,2.0,6.847289721021552,0.1,0.05
betweenness,2,7,0.9967749882421446,1.0,2.0,6.847289721021552,0.1,0.05
betweenness,3,7,0.9967749882421446,1.0,2.0,6.847289721021552,0.1,0.05
betweenness,4,7,0.9967749882421446,1.0,2.0,6.847289721021552,0.1,0.05
betweenness,5,7,0.9967749882421446,1.0,2.0,6.847289721021552,0.1,0.05
betweenness,6,7,0.9967749882421446,1.0,2.0,6.847289721021552,0.1,0.05
betweenness,7,7,0.9967749882421446,1.0,2.0,6.847289721021552,0.1,0.05
betweenness,8,7,0.9967749882421446,1.0,2.0,6.847289721021552,0.1,0.05
betweenness,9,7,0.9967749882421446,1.0,2.0,6.847289721021552,0.1,0.05
random,0,24,0.9837181698058274,14.0,18.0,10.81418109336857,0.15,0.0025
random,1,26,0.9844348390853508,15.0,18.0,12.497420737124214,0.15,0.0025
random,2,26,0.9843452554254104,16.0,19.0,11.512985898038863,0.15,0.0025
random,4,24,0.9836211208408919,15.0,18.0,10.705613162825767,0.15,0.0025
random,3,26,0.9839645248706635,16.0,19.0,11.583600217986904,0.15,0.0025
random,5,25,0.9840018513956388,15.0,18.0,11.428829514829829,0.15,0.0025
random,6,26,0.9839346636506835,16.0,19.0,11.669846886594552,0.15,0.0025
degree,0,15,0.9835166065709614,4.0,6.0,12.038394063589468,0.15,0.0025
random,7,24,0.9837853575507828,14.0,17.0,11.425753809171875,0.15,0.0025
degree,1,15,0.9835166065709614,4.0,6.0,12.038394063589468,0.15,0.0025
random,8,23,0.984487096220316,14.0,17.0,10.634043283838363,0.15,0.0025
degree,2,15,0.9835166065709614,4.0,6.0,12.038394063589468,0.15,0.0025
degree,3,15,0.9835166065709614,4.0,6.0,12.038394063589468,0.15,0.0025
degree,4,15,0.9835166065709614,4.0,6.0,12.038394063589468,0.15,0.0025
random,9,27,0.9837331004158175,17.0,20.0,11.70339596724224,0.15,0.0025
degree,5,15,0.9835166065709614,4.0,6.0,12.038394063589468,0.15,0.0025
degree,6,15,0.9835166065709614,4.0,6.0,12.038394063589468,0.15,0.0025
degree,7,15,0.9835166065709614,4.0,6.0,12.038394063589468,0.15,0.0025
degree,8,15,0.9835166065709614,4.0,6.0,12.038394063589468,0.15,0.0025
degree,9,15,0.9835166065709614,4.0,6.0,12.038394063589468,0.15,0.0025
betweenness,0,14,0.9835987249259068,4.0,6.0,10.870081297171396,0.15,0.0025
betweenness,1,14,0.9835987249259068,4.0,6.0,10.870081297171396,0.15,0.0025
betweenness,2,14,0.9835987249259068,4.0,6.0,10.870081297171396,0.15,0.0025
betweenness,3,14,0.9835987249259068,4.0,6.0,10.870081297171396,0.15,0.0025
betweenness,4,14,0.9835987249259068,4.0,6.0,10.870081297171396,0.15,0.0025
betweenness,5,14,0.9835987249259068,4.0,6.0,10.870081297171396,0.15,0.0025
betweenness,6,14,0.9835987249259068,4.0,6.0,10.870081297171396,0.15,0.0025
betweenness,7,14,0.9835987249259068,4.0,6.0,10.870081297171396,0.15,0.0025
betweenness,8,14,0.9835987249259068,4.0,6.0,10.870081297171396,0.15,0.0025
betweenness,9,14,0.9835987249259068,4.0,6.0,10.870081297171396,0.15,0.0025
random,0,21,0.98427060237546,12.0,15.0,10.047218054093602,0.15,0.005
random,1,23,0.984487096220316,13.0,16.0,11.192358513807083,0.15,0.005
random,2,23,0.984673728845192,12.0,15.0,11.935477368927906,0.15,0.005
random,3,24,0.9839869207856486,14.0,17.0,11.833725261845574,0.15,0.005
random,4,22,0.9841138309705643,12.0,15.0,11.273521309713107,0.15,0.005
random,5,23,0.9843153942054302,13.0,16.0,11.698200114965696,0.15,0.005
random,6,21,0.9849424798250133,12.0,15.0,10.348383388203326,0.15,0.005
degree,0,14,0.9835166065709614,3.0,5.0,11.731487909938563,0.15,0.005
degree,1,14,0.9835166065709614,3.0,5.0,11.731487909938563,0.15,0.005
random,7,23,0.9844124431703657,13.0,16.0,11.5372929311027,0.15,0.005
degree,2,14,0.9835166065709614,3.0,5.0,11.731487909938563,0.15,0.005
random,8,22,0.9842332758504849,13.0,16.0,10.244757489567236,0.15,0.005
random,9,22,0.9845468186602764,13.0,16.0,10.337170500100783,0.15,0.005
degree,3,14,0.9835166065709614,3.0,5.0,11.731487909938563,0.15,0.005
degree,4,14,0.9835166065709614,3.0,5.0,11.731487909938563,0.15,0.005
degree,5,14,0.9835166065709614,3.0,5.0,11.731487909938563,0.15,0.005
degree,6,14,0.9835166065709614,3.0,5.0,11.731487909938563,0.15,0.005
degree,7,14,0.9835166065709614,3.0,5.0,11.731487909938563,0.15,0.005
degree,8,14,0.9835166065709614,3.0,5.0,11.731487909938563,0.15,0.005
degree,9,14,0.9835166065709614,3.0,5.0,11.731487909938563,0.15,0.005
betweenness,0,14,0.9836061902309019,3.0,5.0,11.767582659589557,0.15,0.005
betweenness,1,14,0.9836061902309019,3.0,5.0,11.767582659589557,0.15,0.005
betweenness,2,14,0.9836061902309019,3.0,5.0,11.767582659589557,0.15,0.005
betweenness,3,14,0.9836061902309019,3.0,5.0,11.767582659589557,0.15,0.005
betweenness,4,14,0.9836061902309019,3.0,5.0,11.767582659589557,0.15,0.005
betweenness,5,14,0.9836061902309019,3.0,5.0,11.767582659589557,0.15,0.005
betweenness,6,14,0.9836061902309019,3.0,5.0,11.767582659589557,0.15,0.005
betweenness,7,14,0.9836061902309019,3.0,5.0,11.767582659589557,0.15,0.005
betweenness,8,14,0.9836061902309019,3.0,5.0,11.767582659589557,0.15,0.005
betweenness,9,14,0.9836061902309019,3.0,5.0,11.767582659589557,0.15,0.005
random,0,19,0.9839719901756586,9.0,12.0,10.813389771039096,0.15,0.01
random,1,19,0.9853829328197203,9.0,11.0,11.27416332594268,0.15,0.01
random,2,19,0.9855471695296111,9.0,12.0,10.998723432845848,0.15,0.01
random,3,19,0.9853381409897501,9.0,12.0,10.929206512732078,0.15,0.01
random,4,19,0.9847409165901473,9.0,12.0,10.904130553253754,0.15,0.01
random,5,19,0.9851813695848544,9.0,12.0,11.311355475427948,0.15,0.01
random,6,18,0.9856890103245168,9.0,12.0,10.053093249124693,0.15,0.01
degree,0,13,0.9835166065709614,2.0,5.0,11.3544377505543,0.15,0.01
random,7,18,0.9856516837995416,10.0,12.0,9.794674251416541,0.15,0.01
degree,1,13,0.9835166065709614,2.0,5.0,11.3544377505543,0.15,0.01
random,8,18,0.9849723410449934,10.0,12.0,9.73446656663158,0.15,0.01
degree,2,13,0.9835166065709614,2.0,5.0,11.3544377505543,0.15,0.01
random,9,19,0.9843975125603757,10.0,12.0,10.690973699730502,0.15,0.01
degree,3,13,0.9835166065709614,2.0,5.0,11.3544377505543,0.15,0.01
degree,4,13,0.9835166065709614,2.0,5.0,11.3544377505543,0.15,0.01
degree,5,13,0.9835166065709614,2.0,5.0,11.3544377505543,0.15,0.01
degree,6,13,0.9835166065709614,2.0,5.0,11.3544377505543,0.15,0.01
degree,7,13,0.9835166065709614,2.0,5.0,11.3544377505543,0.15,0.01
degree,8,13,0.9835166065709614,2.0,5.0,11.3544377505543,0.15,0.01
degree,9,13,0.9835166065709614,2.0,5.0,11.3544377505543,0.15,0.01
betweenness,0,13,0.983613655535897,2.0,4.0,11.455196972072295,0.15,0.01
betweenness,1,13,0.983613655535897,2.0,4.0,11.455196972072295,0.15,0.01
betweenness,2,13,0.983613655535897,2.0,4.0,11.455196972072295,0.15,0.01
betweenness,3,13,0.983613655535897,2.0,4.0,11.455196972072295,0.15,0.01
betweenness,4,13,0.983613655535897,2.0,4.0,11.455196972072295,0.15,0.01
betweenness,5,13,0.983613655535897,2.0,4.0,11.455196972072295,0.15,0.01
betweenness,6,13,0.983613655535897,2.0,4.0,11.455196972072295,0.15,0.01
betweenness,7,13,0.983613655535897,2.0,4.0,11.455196972072295,0.15,0.01
betweenness,8,13,0.983613655535897,2.0,4.0,11.455196972072295,0.15,0.01
betweenness,9,13,0.983613655535897,2.0,4.0,11.455196972072295,0.15,0.01
random,0,15,0.9859577613043381,6.0,9.0,9.714272916620008,0.15,0.02
random,1,16,0.9874358916933551,6.0,8.0,10.886191425350683,0.15,0.02
random,2,16,0.9874956141333154,7.0,8.0,10.773077124065903,0.15,0.02
random,3,17,0.9867640142438019,7.0,9.0,11.676043089740432,0.15,0.02
random,4,15,0.9874358916933551,7.0,9.0,9.289474666487498,0.15,0.02
random,5,16,0.9867416183288168,7.0,9.0,10.58878113965346,0.15,0.02
random,6,17,0.9870327652236233,7.0,9.0,11.431330392003165,0.15,0.02
random,7,16,0.9877718304181318,7.0,9.0,10.60801176532067,0.15,0.02
degree,0,12,0.9835166065709614,2.0,4.0,10.868819660627237,0.15,0.02
random,8,15,0.9874284263883601,6.0,9.0,9.788261554425807,0.15,0.02
degree,1,12,0.9835166065709614,2.0,4.0,10.868819660627237,0.15,0.02
random,9,18,0.9866594999738715,7.0,9.0,12.374258135316119,0.15,0.02
degree,2,12,0.9835166065709614,2.0,4.0,10.868819660627237,0.15,0.02
degree,3,12,0.9835166065709614,2.0,4.0,10.868819660627237,0.15,0.02
degree,4,12,0.9835166065709614,2.0,4.0,10.868819660627237,0.15,0.02
degree,5,12,0.9835166065709614,2.0,4.0,10.868819660627237,0.15,0.02
degree,6,12,0.9835166065709614,2.0,4.0,10.868819660627237,0.15,0.02
degree,7,12,0.9835166065709614,2.0,4.0,10.868819660627237,0.15,0.02
degree,8,12,0.9835166065709614,2.0,4.0,10.868819660627237,0.15,0.02
degree,9,12,0.9835166065709614,2.0,4.0,10.868819660627237,0.15,0.02
betweenness,0,11,0.983613655535897,1.0,3.0,10.012817928676478,0.15,0.02
betweenness,1,11,0.983613655535897,1.0,3.0,10.012817928676478,0.15,0.02
betweenness,2,11,0.983613655535897,1.0,3.0,10.012817928676478,0.15,0.02
betweenness,3,11,0.983613655535897,1.0,3.0,10.012817928676478,0.15,0.02
betweenness,4,11,0.983613655535897,1.0,3.0,10.012817928676478,0.15,0.02
betweenness,5,11,0.983613655535897,1.0,3.0,10.012817928676478,0.15,0.02
betweenness,6,11,0.983613655535897,1.0,3.0,10.012817928676478,0.15,0.02
betweenness,7,11,0.983613655535897,1.0,3.0,10.012817928676478,0.15,0.02
betweenness,8,11,0.983613655535897,1.0,3.0,10.012817928676478,0.15,0.02
betweenness,9,11,0.983613655535897,1.0,3.0,10.012817928676478,0.15,0.02
random,0,11,0.9914895523056595,4.0,5.0,8.366822691541064,0.15,0.05
random,1,11,0.9902353810664934,4.0,5.0,8.362970594163624,0.15,0.05
random,2,12,0.9903025688114488,4.0,5.0,9.316140735929766,0.15,0.05
random,3,13,0.9899890260016573,4.0,5.0,10.3615073943846,0.15,0.05
random,4,13,0.9912058707158481,4.0,5.0,10.308003553485179,0.15,0.05
random,5,12,0.9912730584608034,4.0,5.0,9.483079886228753,0.15,0.05
random,6,12,0.99054145857129,4.0,5.0,9.370047703298917,0.15,0.05
random,7,12,0.9916239277955701,4.0,5.0,9.38149201585631,0.15,0.05
random,8,13,0.9899591647816771,4.0,5.0,10.408531350548325,0.15,0.05
degree,0,10,0.9835166065709614,1.0,3.0,9.409546632027652,0.15,0.05
random,9,11,0.9912058707158481,4.0,5.0,8.44058737019701,0.15,0.05
degree,1,10,0.9835166065709614,1.0,3.0,9.409546632027652,0.15,0.05
degree,2,10,0.9835166065709614,1.0,3.0,9.409546632027652,0.15,0.05
degree,3,10,0.9835166065709614,1.0,3.0,9.409546632027652,0.15,0.05
degree,4,10,0.9835166065709614,1.0,3.0,9.409546632027652,0.15,0.05
degree,5,10,0.9835166065709614,1.0,3.0,9.409546632027652,0.15,0.05
degree,6,10,0.9835166065709614,1.0,3.0,9.409546632027652,0.15,0.05
degree,7,10,0.9835166065709614,1.0,3.0,9.409546632027652,0.15,0.05
degree,8,10,0.9835166065709614,1.0,3.0,9.409546632027652,0.15,0.05
degree,9,10,0.9835166065709614,1.0,3.0,9.409546632027652,0.15,0.05
betweenness,0,9,0.9847782431151225,1.0,2.0,8.569841660881055,0.15,0.05
betweenness,1,9,0.9847782431151225,1.0,2.0,8.569841660881055,0.15,0.05
betweenness,2,9,0.9847782431151225,1.0,2.0,8.569841660881055,0.15,0.05
betweenness,3,9,0.9847782431151225,1.0,2.0,8.569841660881055,0.15,0.05
betweenness,4,9,0.9847782431151225,1.0,2.0,8.569841660881055,0.15,0.05
betweenness,5,9,0.9847782431151225,1.0,2.0,8.569841660881055,0.15,0.05
betweenness,6,9,0.9847782431151225,1.0,2.0,8.569841660881055,0.15,0.05
betweenness,7,9,0.9847782431151225,1.0,2.0,8.569841660881055,0.15,0.05
betweenness,8,9,0.9847782431151225,1.0,2.0,8.569841660881055,0.15,0.05
betweenness,9,9,0.9847782431151225,1.0,2.0,8.569841660881055,0.15,0.05
degree,0,19,0.960762356946093,5.0,9.0,14.40306674729196,0.2,0.0025
degree,1,19,0.960762356946093,5.0,9.0,14.40306674729196,0.2,0.0025
degree,2,19,0.960762356946093,5.0,9.0,14.40306674729196,0.2,0.0025
random,0,50,0.9614939568356066,37.0,44.0,14.786843146476748,0.2,0.0025
degree,3,19,0.960762356946093,5.0,9.0,14.40306674729196,0.2,0.0025
degree,4,19,0.960762356946093,5.0,9.0,14.40306674729196,0.2,0.0025
degree,5,19,0.960762356946093,5.0,9.0,14.40306674729196,0.2,0.0025
random,2,54,0.9623748628250207,41.0,48.0,14.975379424126377,0.2,0.0025
degree,6,19,0.960762356946093,5.0,9.0,14.40306674729196,0.2,0.0025
random,3,55,0.9615536792755668,41.0,49.0,15.688659455182044,0.2,0.0025
degree,7,19,0.960762356946093,5.0,9.0,14.40306674729196,0.2,0.0025
degree,8,19,0.960762356946093,5.0,9.0,14.40306674729196,0.2,0.0025
random,7,47,0.9615088874455966,32.0,41.0,16.03836420236949,0.2,0.0025
degree,9,19,0.960762356946093,5.0,9.0,14.40306674729196,0.2,0.0025
random,6,56,0.9617179159854576,44.0,50.0,14.424417519577762,0.2,0.0025
random,1,68,0.026987077557053592,-1.0,-1.0,1.5880644703739368,0.2,0.0025
random,4,56,0.9617552425104328,44.0,51.0,14.340410442468626,0.2,0.0025
random,9,35,0.017528536128343524,-1.0,-1.0,0.49164259105805763,0.2,0.0025
betweenness,0,18,0.9611430875008399,6.0,10.0,12.95016908915814,0.2,0.0025
betweenness,1,18,0.9611430875008399,6.0,10.0,12.95016908915814,0.2,0.0025
random,8,53,0.961598471105537,40.0,47.0,15.331063880614842,0.2,0.0025
betweenness,2,18,0.9611430875008399,6.0,10.0,12.95016908915814,0.2,0.0025
betweenness,3,18,0.9611430875008399,6.0,10.0,12.95016908915814,0.2,0.0025
betweenness,4,18,0.9611430875008399,6.0,10.0,12.95016908915814,0.2,0.0025
betweenness,5,18,0.9611430875008399,6.0,10.0,12.95016908915814,0.2,0.0025
betweenness,6,18,0.9611430875008399,6.0,10.0,12.95016908915814,0.2,0.0025
betweenness,7,18,0.9611430875008399,6.0,10.0,12.95016908915814,0.2,0.0025
betweenness,8,18,0.9611430875008399,6.0,10.0,12.95016908915814,0.2,0.0025
betweenness,9,18,0.9611430875008399,6.0,10.0,12.95016908915814,0.2,0.0025
random,5,86,0.9617701731204228,70.0,76.0,19.13844408113294,0.2,0.0025
degree,0,16,0.960762356946093,4.0,7.0,12.58292087523236,0.2,0.005
degree,1,16,0.960762356946093,4.0,7.0,12.58292087523236,0.2,0.005
random,2,42,0.9634498667443059,29.0,36.0,14.542585832344178,0.2,0.005
degree,2,16,0.960762356946093,4.0,7.0,12.58292087523236,0.2,0.005
degree,3,16,0.960762356946093,4.0,7.0,12.58292087523236,0.2,0.005
random,4,44,0.9621732995901547,31.0,37.0,14.86154845356207,0.2,0.005
random,1,49,0.963502123879271,36.0,42.0,15.138324636253015,0.2,0.005
degree,4,16,0.960762356946093,4.0,7.0,12.58292087523236,0.2,0.005
random,0,54,0.9632035116794697,41.0,47.0,15.502810687330632,0.2,0.005
degree,5,16,0.960762356946093,4.0,7.0,12.58292087523236,0.2,0.005
random,7,45,0.9625540301449016,33.0,39.0,14.136547893664194,0.2,0.005
random,6,45,0.962442050569976,33.0,39.0,14.469239210767956,0.2,0.005
degree,6,16,0.960762356946093,4.0,7.0,12.58292087523236,0.2,0.005
random,3,54,0.9634946585742761,40.0,46.0,16.280867169828223,0.2,0.005
degree,7,16,0.960762356946093,4.0,7.0,12.58292087523236,0.2,0.005
degree,8,16,0.960762356946093,4.0,7.0,12.58292087523236,0.2,0.005
degree,9,16,0.960762356946093,4.0,7.0,12.58292087523236,0.2,0.005
betweenness,0,17,0.9611505528058348,4.0,7.0,13.527229699969391,0.2,0.005
random,8,50,0.9632184422894597,37.0,44.0,14.834255298500223,0.2,0.005
betweenness,1,17,0.9611505528058348,4.0,7.0,13.527229699969391,0.2,0.005
random,5,58,0.9632483035094399,45.0,52.0,15.377751898053797,0.2,0.005
betweenness,2,17,0.9611505528058348,4.0,7.0,13.527229699969391,0.2,0.005
betweenness,3,17,0.9611505528058348,4.0,7.0,13.527229699969391,0.2,0.005
betweenness,4,17,0.9611505528058348,4.0,7.0,13.527229699969391,0.2,0.005
random,9,55,0.9628078505147328,43.0,49.0,14.955663553634484,0.2,0.005
betweenness,5,17,0.9611505528058348,4.0,7.0,13.527229699969391,0.2,0.005
betweenness,6,17,0.9611505528058348,4.0,7.0,13.527229699969391,0.2,0.005
betweenness,7,17,0.9611505528058348,4.0,7.0,13.527229699969391,0.2,0.005
betweenness,8,17,0.9611505528058348,4.0,7.0,13.527229699969391,0.2,0.005
betweenness,9,17,0.9611505528058348,4.0,7.0,13.527229699969391,0.2,0.005
random,0,39,0.964950393048308,23.0,29.0,17.590640000597222,0.2,0.01
random,1,32,0.9656372011078512,20.0,26.0,13.696341254021933,0.2,0.01
random,3,34,0.964935462438318,21.0,27.0,14.859353653893528,0.2,0.01
random,5,31,0.9667793927720917,18.0,24.0,14.423544078893345,0.2,0.01
random,2,33,0.964517405358596,21.0,27.0,14.019170903227254,0.2,0.01
degree,0,16,0.960762356946093,3.0,6.0,13.447000067187746,0.2,0.01
degree,1,16,0.960762356946093,3.0,6.0,13.447000067187746,0.2,0.01
random,4,32,0.9642710502937597,20.0,26.0,13.749830164311364,0.2,0.01
random,6,32,0.9648010869484073,20.0,26.0,13.690533246735795,0.2,0.01
degree,3,16,0.960762356946093,3.0,6.0,13.447000067187746,0.2,0.01
degree,2,16,0.960762356946093,3.0,6.0,13.447000067187746,0.2,0.01
random,7,34,0.9655476174479108,22.0,28.0,13.658581741357041,0.2,0.01
degree,4,16,0.960762356946093,3.0,6.0,13.447000067187746,0.2,0.01
degree,5,16,0.960762356946093,3.0,6.0,13.447000067187746,0.2,0.01
degree,6,16,0.960762356946093,3.0,6.0,13.447000067187746,0.2,0.01
degree,7,16,0.960762356946093,3.0,6.0,13.447000067187746,0.2,0.01
degree,8,16,0.960762356946093,3.0,6.0,13.447000067187746,0.2,0.01
random,9,35,0.9648458787783775,22.0,28.0,14.79855621001396,0.2,0.01
random,8,35,0.9644726135286257,23.0,28.0,14.308414145259906,0.2,0.01
degree,9,16,0.960762356946093,3.0,6.0,13.447000067187746,0.2,0.01
betweenness,0,14,0.961165483415825,3.0,6.0,11.62164341224161,0.2,0.01
betweenness,1,14,0.961165483415825,3.0,6.0,11.62164341224161,0.2,0.01
betweenness,2,14,0.961165483415825,3.0,6.0,11.62164341224161,0.2,0.01
betweenness,3,14,0.961165483415825,3.0,6.0,11.62164341224161,0.2,0.01
betweenness,4,14,0.961165483415825,3.0,6.0,11.62164341224161,0.2,0.01
betweenness,5,14,0.961165483415825,3.0,6.0,11.62164341224161,0.2,0.01
betweenness,6,14,0.961165483415825,3.0,6.0,11.62164341224161,0.2,0.01
betweenness,7,14,0.961165483415825,3.0,6.0,11.62164341224161,0.2,0.01
betweenness,8,14,0.961165483415825,3.0,6.0,11.62164341224161,0.2,0.01
betweenness,9,14,0.961165483415825,3.0,6.0,11.62164341224161,0.2,0.01
random,0,23,0.966413592827335,12.0,17.0,12.362089688174212,0.2,0.02
random,1,22,0.9684740170059648,12.0,16.0,11.465170619545662,0.2,0.02
random,2,24,0.9683620374310392,12.0,17.0,13.055071554948375,0.2,0.02
random,3,24,0.9680410293162527,12.0,17.0,12.945846677566012,0.2,0.02
random,4,26,0.9666002254522108,14.0,19.0,13.534433719289602,0.2,0.02
random,5,24,0.9684068292610094,13.0,17.0,12.842549252349706,0.2,0.02
degree,0,13,0.960762356946093,2.0,5.0,11.24639239136115,0.2,0.02
random,6,25,0.9701910371548229,13.0,18.0,13.640694870588936,0.2,0.02
degree,1,13,0.960762356946093,2.0,5.0,11.24639239136115,0.2,0.02
random,7,25,0.9690712414055677,13.0,17.0,13.844527558173388,0.2,0.02
degree,2,13,0.960762356946093,2.0,5.0,11.24639239136115,0.2,0.02
random,8,22,0.9693175964704038,12.0,16.0,11.261449911536136,0.2,0.02
degree,3,13,0.960762356946093,2.0,5.0,11.24639239136115,0.2,0.02
degree,4,13,0.960762356946093,2.0,5.0,11.24639239136115,0.2,0.02
random,9,26,0.9670929355818833,14.0,18.0,13.759124469030182,0.2,0.02
degree,5,13,0.960762356946093,2.0,5.0,11.24639239136115,0.2,0.02
degree,6,13,0.960762356946093,2.0,5.0,11.24639239136115,0.2,0.02
degree,7,13,0.960762356946093,2.0,5.0,11.24639239136115,0.2,0.02
degree,8,13,0.960762356946093,2.0,5.0,11.24639239136115,0.2,0.02
degree,9,13,0.960762356946093,2.0,5.0,11.24639239136115,0.2,0.02
betweenness,0,13,0.961165483415825,2.0,4.0,11.386560957947939,0.2,0.02
betweenness,1,13,0.961165483415825,2.0,4.0,11.386560957947939,0.2,0.02
betweenness,2,13,0.961165483415825,2.0,4.0,11.386560957947939,0.2,0.02
betweenness,3,13,0.961165483415825,2.0,4.0,11.386560957947939,0.2,0.02
betweenness,4,13,0.961165483415825,2.0,4.0,11.386560957947939,0.2,0.02
betweenness,5,13,0.961165483415825,2.0,4.0,11.386560957947939,0.2,0.02
betweenness,6,13,0.961165483415825,2.0,4.0,11.386560957947939,0.2,0.02
betweenness,7,13,0.961165483415825,2.0,4.0,11.386560957947939,0.2,0.02
betweenness,8,13,0.961165483415825,2.0,4.0,11.386560957947939,0.2,0.02
betweenness,9,13,0.961165483415825,2.0,4.0,11.386560957947939,0.2,0.02
random,0,15,0.9770740483602458,6.0,9.0,10.28144199831284,0.2,0.05
random,1,18,0.9769695340903153,6.0,9.0,13.24425731413257,0.2,0.05
random,2,16,0.9765290810956082,6.0,9.0,11.162885489686682,0.2,0.05
random,3,15,0.9765589423155883,6.0,8.0,10.332512149783879,0.2,0.05
random,4,17,0.9771561667151911,6.0,9.0,12.160705620628132,0.2,0.05
random,5,16,0.9775294319649429,6.0,8.0,11.51753226878084,0.2,0.05
random,6,16,0.9767306443304741,6.0,9.0,11.271207065164646,0.2,0.05
random,7,16,0.9776190156248834,6.0,9.0,11.342112532007496,0.2,0.05
degree,0,13,0.9614342343956462,1.0,4.0,11.927452166058245,0.2,0.05
random,8,16,0.9765813382305734,6.0,8.0,11.4142871006995,0.2,0.05
degree,1,13,0.9614342343956462,1.0,4.0,11.927452166058245,0.2,0.05
random,9,15,0.9770516524452606,6.0,9.0,10.44216254955096,0.2,0.05
degree,2,13,0.9614342343956462,1.0,4.0,11.927452166058245,0.2,0.05
degree,3,13,0.9614342343956462,1.0,4.0,11.927452166058245,0.2,0.05
degree,4,13,0.9614342343956462,1.0,4.0,11.927452166058245,0.2,0.05
degree,5,13,0.9614342343956462,1.0,4.0,11.927452166058245,0.2,0.05
degree,6,13,0.9614342343956462,1.0,4.0,11.927452166058245,0.2,0.05
degree,7,13,0.9614342343956462,1.0,4.0,11.927452166058245,0.2,0.05
degree,8,13,0.9614342343956462,1.0,4.0,11.927452166058245,0.2,0.05
degree,9,13,0.9614342343956462,1.0,4.0,11.927452166058245,0.2,0.05
betweenness,0,11,0.9642859809037498,1.0,3.0,10.159832179943711,0.2,0.05
betweenness,1,11,0.9642859809037498,1.0,3.0,10.159832179943711,0.2,0.05
betweenness,2,11,0.9642859809037498,1.0,3.0,10.159832179943711,0.2,0.05
betweenness,3,11,0.9642859809037498,1.0,3.0,10.159832179943711,0.2,0.05
betweenness,4,11,0.9642859809037498,1.0,3.0,10.159832179943711,0.2,0.05
betweenness,5,11,0.9642859809037498,1.0,3.0,10.159832179943711,0.2,0.05
betweenness,6,11,0.9642859809037498,1.0,3.0,10.159832179943711,0.2,0.05
betweenness,7,11,0.9642859809037498,1.0,3.0,10.159832179943711,0.2,0.05
betweenness,8,11,0.9642859809037498,1.0,3.0,10.159832179943711,0.2,0.05
betweenness,9,11,0.9642859809037498,1.0,3.0,10.159832179943711,0.2,0.05
random,0,16,0.0062932521108149874,-1.0,-1.0,0.0959515651011922,0.25,0.0025
random,3,11,0.00613648070591924,-1.0,-1.0,0.06527662687659104,0.25,0.0025
random,2,16,0.007898292684747635,-1.0,-1.0,0.11563010906810597,0.25,0.0025
random,1,19,0.007106970355273865,-1.0,-1.0,0.12674594820571394,0.25,0.0025
random,4,13,0.006599329615611446,-1.0,-1.0,0.08019230625667212,0.25,0.0025
random,5,13,0.005964778691033422,-1.0,-1.0,0.07560860898972027,0.25,0.0025
random,7,11,0.008697080319216441,-1.0,-1.0,0.09218158607869922,0.25,0.0025
random,8,14,0.009219651668868931,-1.0,-1.0,0.11763827611177054,0.25,0.0025
random,9,12,0.006576933700626339,-1.0,-1.0,0.07661642516405008,0.25,0.0025
degree,0,24,0.9215993669421364,8.0,15.0,15.88783379244959,0.25,0.0025
degree,1,24,0.9215993669421364,8.0,15.0,15.88783379244959,0.25,0.0025
degree,2,24,0.9215993669421364,8.0,15.0,15.88783379244959,0.25,0.0025
degree,3,24,0.9215993669421364,8.0,15.0,15.88783379244959,0.25,0.0025
degree,4,24,0.9215993669421364,8.0,15.0,15.88783379244959,0.25,0.0025
degree,5,24,0.9215993669421364,8.0,15.0,15.88783379244959,0.25,0.0025
degree,6,24,0.9215993669421364,8.0,15.0,15.88783379244959,0.25,0.0025
degree,7,24,0.9215993669421364,8.0,15.0,15.88783379244959,0.25,0.0025
degree,8,24,0.9215993669421364,8.0,15.0,15.88783379244959,0.25,0.0025
degree,9,24,0.9215993669421364,8.0,15.0,15.88783379244959,0.25,0.0025
betweenness,0,31,0.9232342687360492,10.0,22.0,20.873045023254424,0.25,0.0025
betweenness,1,31,0.9232342687360492,10.0,22.0,20.873045023254424,0.25,0.0025
betweenness,2,31,0.9232342687360492,10.0,22.0,20.873045023254424,0.25,0.0025
betweenness,4,31,0.9232342687360492,10.0,22.0,20.873045023254424,0.25,0.0025
betweenness,3,31,0.9232342687360492,10.0,22.0,20.873045023254424,0.25,0.0025
betweenness,5,31,0.9232342687360492,10.0,22.0,20.873045023254424,0.25,0.0025
random,6,65,0.014609601875284615,-1.0,-1.0,0.7090173419035035,0.25,0.0025
betweenness,6,31,0.9232342687360492,10.0,22.0,20.873045023254424,0.25,0.0025
betweenness,7,31,0.9232342687360492,10.0,22.0,20.873045023254424,0.25,0.0025
betweenness,8,31,0.9232342687360492,10.0,22.0,20.873045023254424,0.25,0.0025
betweenness,9,31,0.9232342687360492,10.0,22.0,20.873045023254424,0.25,0.0025
random,2,13,0.013221055146207998,-1.0,-1.0,0.16534904033504289,0.25,0.005
random,0,22,0.012855255201451254,-1.0,-1.0,0.2611363687263443,0.25,0.005
random,4,14,0.012534247086664726,-1.0,-1.0,0.16902943569759543,0.25,0.005
random,5,15,0.0120042104320172,-1.0,-1.0,0.17076138645644365,0.25,0.005
random,3,20,0.012668622576575366,-1.0,-1.0,0.23427620135420632,0.25,0.005
random,8,12,0.011324867677468963,-1.0,-1.0,0.13308399214649913,0.25,0.005
degree,0,21,0.9215993669421364,6.0,12.0,15.231969422110737,0.25,0.005
degree,1,21,0.9215993669421364,6.0,12.0,15.231969422110737,0.25,0.005
random,1,28,0.013206124536217927,-1.0,-1.0,0.3527879181503961,0.25,0.005
random,7,18,0.012347614461788836,-1.0,-1.0,0.2142094615275507,0.25,0.005
degree,2,21,0.9215993669421364,6.0,12.0,15.231969422110737,0.25,0.005
random,9,18,0.012183377751898053,-1.0,-1.0,0.21106656812464075,0.25,0.005
degree,3,21,0.9215993669421364,6.0,12.0,15.231969422110737,0.25,0.005
degree,4,21,0.9215993669421364,6.0,12.0,15.231969422110737,0.25,0.005
degree,5,21,0.9215993669421364,6.0,12.0,15.231969422110737,0.25,0.005
degree,6,21,0.9215993669421364,6.0,12.0,15.231969422110737,0.25,0.005
degree,7,21,0.9215993669421364,6.0,12.0,15.231969422110737,0.25,0.005
degree,8,21,0.9215993669421364,6.0,12.0,15.231969422110737,0.25,0.005
random,6,38,0.014296059065493121,-1.0,-1.0,0.49707733309444363,0.25,0.005
degree,9,21,0.9215993669421364,6.0,12.0,15.231969422110737,0.25,0.005
betweenness,0,20,0.923405970750935,6.0,13.0,14.06232783140355,0.25,0.005
betweenness,1,20,0.923405970750935,6.0,13.0,14.06232783140355,0.25,0.005
betweenness,2,20,0.923405970750935,6.0,13.0,14.06232783140355,0.25,0.005
betweenness,3,20,0.923405970750935,6.0,13.0,14.06232783140355,0.25,0.005
betweenness,4,20,0.923405970750935,6.0,13.0,14.06232783140355,0.25,0.005
betweenness,5,20,0.923405970750935,6.0,13.0,14.06232783140355,0.25,0.005
betweenness,6,20,0.923405970750935,6.0,13.0,14.06232783140355,0.25,0.005
betweenness,7,20,0.923405970750935,6.0,13.0,14.06232783140355,0.25,0.005
betweenness,8,20,0.923405970750935,6.0,13.0,14.06232783140355,0.25,0.005
betweenness,9,20,0.923405970750935,6.0,13.0,14.06232783140355,0.25,0.005
random,1,17,0.028935522160757877,-1.0,-1.0,0.4586683388949856,0.25,0.01
random,0,23,0.025449224728076265,-1.0,-1.0,0.5687666569617703,0.25,0.01
degree,0,19,0.9215993669421364,4.0,10.0,14.83100789082738,0.25,0.01
random,5,22,0.03522130896657783,-1.0,-1.0,0.7091517173934141,0.25,0.01
random,3,24,0.02714384896194934,-1.0,-1.0,0.6233828283054503,0.25,0.01
random,2,33,0.031033272864362874,-1.0,-1.0,0.9097967197449851,0.25,0.01
degree,1,19,0.9215993669421364,4.0,10.0,14.83100789082738,0.25,0.01
degree,2,19,0.9215993669421364,4.0,10.0,14.83100789082738,0.25,0.01
random,7,19,0.02407560860898972,-1.0,-1.0,0.4452531858189066,0.25,0.01
degree,3,19,0.9215993669421364,4.0,10.0,14.83100789082738,0.25,0.01
degree,4,19,0.9215993669421364,4.0,10.0,14.83100789082738,0.25,0.01
random,8,22,0.026113636872634433,-1.0,-1.0,0.5467962643613805,0.25,0.01
degree,5,19,0.9215993669421364,4.0,10.0,14.83100789082738,0.25,0.01
degree,6,19,0.9215993669421364,4.0,10.0,14.83100789082738,0.25,0.01
random,4,41,0.034541966212029596,-1.0,-1.0,1.245108358902003,0.25,0.01
degree,7,19,0.9215993669421364,4.0,10.0,14.83100789082738,0.25,0.01
degree,8,19,0.9215993669421364,4.0,10.0,14.83100789082738,0.25,0.01
degree,9,19,0.9215993669421364,4.0,10.0,14.83100789082738,0.25,0.01
betweenness,0,18,0.9234358319709152,4.0,9.0,13.98425567176547,0.25,0.01
betweenness,1,18,0.9234358319709152,4.0,9.0,13.98425567176547,0.25,0.01
random,9,36,0.027979963121393326,-1.0,-1.0,0.9413450986540054,0.25,0.01
betweenness,2,18,0.9234358319709152,4.0,9.0,13.98425567176547,0.25,0.01
betweenness,3,18,0.9234358319709152,4.0,9.0,13.98425567176547,0.25,0.01
betweenness,4,18,0.9234358319709152,4.0,9.0,13.98425567176547,0.25,0.01
betweenness,5,18,0.9234358319709152,4.0,9.0,13.98425567176547,0.25,0.01
betweenness,6,18,0.9234358319709152,4.0,9.0,13.98425567176547,0.25,0.01
betweenness,7,18,0.9234358319709152,4.0,9.0,13.98425567176547,0.25,0.01
betweenness,8,18,0.9234358319709152,4.0,9.0,13.98425567176547,0.25,0.01
betweenness,9,18,0.9234358319709152,4.0,9.0,13.98425567176547,0.25,0.01
random,6,79,0.05969257874030443,-1.0,-1.0,3.3589169335513205,0.25,0.01
degree,0,22,0.9236299299007861,3.0,8.0,18.631512545445045,0.25,0.02
random,5,19,0.06249953341843781,-1.0,-1.0,1.0963472262659288,0.25,0.02
degree,1,22,0.9236299299007861,3.0,8.0,18.631512545445045,0.25,0.02
degree,2,22,0.9236299299007861,3.0,8.0,18.631512545445045,0.25,0.02
degree,3,22,0.9236299299007861,3.0,8.0,18.631512545445045,0.25,0.02
degree,5,22,0.9236299299007861,3.0,8.0,18.631512545445045,0.25,0.02
degree,4,22,0.9236299299007861,3.0,8.0,18.631512545445045,0.25,0.02
random,3,35,0.0644703739371272,-1.0,-1.0,2.0831261711197206,0.25,0.02
degree,6,22,0.9236299299007861,3.0,8.0,18.631512545445045,0.25,0.02
degree,7,22,0.9236299299007861,3.0,8.0,18.631512545445045,0.25,0.02
degree,8,22,0.9236299299007861,3.0,8.0,18.631512545445045,0.25,0.02
random,6,41,0.07329436444125925,-1.0,-1.0,2.616992527229699,0.25,0.02
degree,9,22,0.9236299299007861,3.0,8.0,18.631512545445045,0.25,0.02
betweenness,0,14,0.924660141990101,3.0,7.0,11.391794136749457,0.25,0.02
betweenness,1,14,0.924660141990101,3.0,7.0,11.391794136749457,0.25,0.02
random,0,72,0.9366046299821579,48.0,65.0,27.311504781527844,0.25,0.02
random,2,67,0.9365075810172224,44.0,58.0,26.289295499167615,0.25,0.02
random,4,47,0.06765805917000739,-1.0,-1.0,2.83726381641322,0.25,0.02
betweenness,2,14,0.924660141990101,3.0,7.0,11.391794136749457,0.25,0.02
betweenness,3,14,0.924660141990101,3.0,7.0,11.391794136749457,0.25,0.02
random,1,64,0.07522041312997843,-1.0,-1.0,4.440341015132171,0.25,0.02
betweenness,4,14,0.924660141990101,3.0,7.0,11.391794136749457,0.25,0.02
betweenness,5,14,0.924660141990101,3.0,7.0,11.391794136749457,0.25,0.02
betweenness,6,14,0.924660141990101,3.0,7.0,11.391794136749457,0.25,0.02
betweenness,7,14,0.924660141990101,3.0,7.0,11.391794136749457,0.25,0.02
random,7,77,0.9344546221435877,57.0,71.0,25.059102819645698,0.25,0.02
betweenness,8,14,0.924660141990101,3.0,7.0,11.391794136749457,0.25,0.02
betweenness,9,14,0.924660141990101,3.0,7.0,11.391794136749457,0.25,0.02
random,8,56,0.08570170134300836,-1.0,-1.0,4.152023470918904,0.25,0.02
random,9,101,0.9356117444178181,80.0,94.0,28.090106231290086,0.25,0.02
random,0,32,0.9545586884952185,13.0,21.0,20.325681395713417,0.25,0.05
random,1,29,0.9524534724866185,13.0,20.0,17.330966831649906,0.25,0.05
random,2,30,0.9498704769583362,13.0,21.0,18.26652631893276,0.25,0.05
random,3,28,0.9526401051114943,13.0,19.0,16.86895403611715,0.25,0.05
random,5,25,0.9513486073473532,12.0,17.0,14.8538293281972,0.25,0.05
random,4,29,0.9514755175322688,14.0,21.0,16.95847050831262,0.25,0.05
degree,0,15,0.9266533784237755,1.0,5.0,13.148902973430982,0.25,0.05
random,6,33,0.9521921868117922,13.0,21.0,20.95381962330071,0.25,0.05
degree,1,15,0.9266533784237755,1.0,5.0,13.148902973430982,0.25,0.05
degree,2,15,0.9266533784237755,1.0,5.0,13.148902973430982,0.25,0.05
random,7,28,0.9533717050010078,12.0,19.0,17.15919016371414,0.25,0.05
random,8,26,0.9507737788627354,13.0,18.0,15.000798787634468,0.25,0.05
degree,3,15,0.9266533784237755,1.0,5.0,13.148902973430982,0.25,0.05
random,9,28,0.953192537681127,12.0,20.0,17.47529357311893,0.25,0.05
degree,4,15,0.9266533784237755,1.0,5.0,13.148902973430982,0.25,0.05
degree,5,15,0.9266533784237755,1.0,5.0,13.148902973430982,0.25,0.05
degree,6,15,0.9266533784237755,1.0,5.0,13.148902973430982,0.25,0.05
degree,7,15,0.9266533784237755,1.0,5.0,13.148902973430982,0.25,0.05
degree,8,15,0.9266533784237755,1.0,5.0,13.148902973430982,0.25,0.05
degree,9,15,0.9266533784237755,1.0,5.0,13.148902973430982,0.25,0.05
betweenness,0,13,0.9332303121244019,1.0,4.0,11.491791897157956,0.25,0.05
betweenness,1,13,0.9332303121244019,1.0,4.0,11.491791897157956,0.25,0.05
betweenness,2,13,0.9332303121244019,1.0,4.0,11.491791897157956,0.25,0.05
betweenness,3,13,0.9332303121244019,1.0,4.0,11.491791897157956,0.25,0.05
betweenness,4,13,0.9332303121244019,1.0,4.0,11.491791897157956,0.25,0.05
betweenness,5,13,0.9332303121244019,1.0,4.0,11.491791897157956,0.25,0.05
betweenness,6,13,0.9332303121244019,1.0,4.0,11.491791897157956,0.25,0.05
betweenness,7,13,0.9332303121244019,1.0,4.0,11.491791897157956,0.25,0.05
betweenness,8,13,0.9332303121244019,1.0,4.0,11.491791897157956,0.25,0.05
betweenness,9,13,0.9332303121244019,1.0,4.0,11.491791897157956,0.25,0.05
random,0,5,0.0037699790224929638,-1.0,-1.0,0.02101483356102514,0.3,0.0025
random,1,6,0.004277619762155383,-1.0,-1.0,0.02742753055176069,0.3,0.0025
random,2,7,0.00418057079721992,-1.0,-1.0,0.030958619814412516,0.3,0.0025
random,3,6,0.003755048412502893,-1.0,-1.0,0.024404082028771288,0.3,0.0025
random,4,6,0.004225362627190134,-1.0,-1.0,0.027173710181929482,0.3,0.0025
random,5,6,0.003919285122393676,-1.0,-1.0,0.02547908594805641,0.3,0.0025
random,6,9,0.004733003366852553,-1.0,-1.0,0.04384373623584392,0.3,0.0025
random,7,9,0.005987174606018529,-1.0,-1.0,0.05391443267414691,0.3,0.0025
random,9,6,0.004329876897120632,-1.0,-1.0,0.02771867744656708,0.3,0.0025
random,8,20,0.005255574716505043,-1.0,-1.0,0.10183422543728025,0.3,0.0025
degree,0,49,0.8446320724433197,23.0,-1.0,26.575597411032234,0.3,0.0025
degree,1,49,0.8446320724433197,23.0,-1.0,26.575597411032234,0.3,0.0025
degree,2,49,0.8446320724433197,23.0,-1.0,26.575597411032234,0.3,0.0025
degree,5,49,0.8446320724433197,23.0,-1.0,26.575597411032234,0.3,0.0025
degree,3,49,0.8446320724433197,23.0,-1.0,26.575597411032234,0.3,0.0025
degree,4,49,0.8446320724433197,23.0,-1.0,26.575597411032234,0.3,0.0025
degree,6,49,0.8446320724433197,23.0,-1.0,26.575597411032234,0.3,0.0025
degree,7,49,0.8446320724433197,23.0,-1.0,26.575597411032234,0.3,0.0025
degree,9,49,0.8446320724433197,23.0,-1.0,26.575597411032234,0.3,0.0025
degree,8,49,0.8446320724433197,23.0,-1.0,26.575597411032234,0.3,0.0025
betweenness,0,88,0.8457145416675999,32.0,-1.0,50.7031645427874,0.3,0.0025
betweenness,4,88,0.8457145416675999,32.0,-1.0,50.7031645427874,0.3,0.0025
betweenness,3,88,0.8457145416675999,32.0,-1.0,50.7031645427874,0.3,0.0025
betweenness,1,88,0.8457145416675999,32.0,-1.0,50.7031645427874,0.3,0.0025
betweenness,2,88,0.8457145416675999,32.0,-1.0,50.7031645427874,0.3,0.0025
betweenness,6,88,0.8457145416675999,32.0,-1.0,50.7031645427874,0.3,0.0025
betweenness,7,88,0.8457145416675999,32.0,-1.0,50.7031645427874,0.3,0.0025
betweenness,5,88,0.8457145416675999,32.0,-1.0,50.7031645427874,0.3,0.0025
betweenness,8,88,0.8457145416675999,32.0,-1.0,50.7031645427874,0.3,0.0025
betweenness,9,88,0.8457145416675999,32.0,-1.0,50.7031645427874,0.3,0.0025
random,0,6,0.007562353959971035,-1.0,-1.0,0.049368061932170235,0.3,0.005
random,1,9,0.00809239061461856,-1.0,-1.0,0.0762431599142983,0.3,0.005
random,2,7,0.009018088434002971,-1.0,-1.0,0.06625458183094071,0.3,0.005
random,3,9,0.008114786529603667,-1.0,-1.0,0.07630288235425858,0.3,0.005
random,5,7,0.007644472314916426,-1.0,-1.0,0.057460452546788804,0.3,0.005
random,4,10,0.008040133479653312,-1.0,-1.0,0.08420117503900622,0.3,0.005
random,6,7,0.008062529394638418,-1.0,-1.0,0.05993146850014558,0.3,0.005
random,7,7,0.007748986584846924,-1.0,-1.0,0.05790090554149589,0.3,0.005
random,8,7,0.007816174329802245,-1.0,-1.0,0.05776653005158525,0.3,0.005
random,9,7,0.007517562130000821,-1.0,-1.0,0.05654968533739446,0.3,0.005
degree,0,37,0.8446320724433197,12.0,-1.0,23.554627369301173,0.3,0.005
degree,1,37,0.8446320724433197,12.0,-1.0,23.554627369301173,0.3,0.005
degree,2,37,0.8446320724433197,12.0,-1.0,23.554627369301173,0.3,0.005
degree,3,37,0.8446320724433197,12.0,-1.0,23.554627369301173,0.3,0.005
degree,4,37,0.8446320724433197,12.0,-1.0,23.554627369301173,0.3,0.005
degree,5,37,0.8446320724433197,12.0,-1.0,23.554627369301173,0.3,0.005
degree,6,37,0.8446320724433197,12.0,-1.0,23.554627369301173,0.3,0.005
degree,7,37,0.8446320724433197,12.0,-1.0,23.554627369301173,0.3,0.005
degree,8,37,0.8446320724433197,12.0,-1.0,23.554627369301173,0.3,0.005
degree,9,37,0.8446320724433197,12.0,-1.0,23.554627369301173,0.3,0.005
betweenness,0,42,0.8457817294125551,13.0,-1.0,25.976678387195516,0.3,0.005
betweenness,3,42,0.8457817294125551,13.0,-1.0,25.976678387195516,0.3,0.005
betweenness,1,42,0.8457817294125551,13.0,-1.0,25.976678387195516,0.3,0.005
betweenness,2,42,0.8457817294125551,13.0,-1.0,25.976678387195516,0.3,0.005
betweenness,4,42,0.8457817294125551,13.0,-1.0,25.976678387195516,0.3,0.005
betweenness,5,42,0.8457817294125551,13.0,-1.0,25.976678387195516,0.3,0.005
betweenness,6,42,0.8457817294125551,13.0,-1.0,25.976678387195516,0.3,0.005
betweenness,7,42,0.8457817294125551,13.0,-1.0,25.976678387195516,0.3,0.005
betweenness,8,42,0.8457817294125551,13.0,-1.0,25.976678387195516,0.3,0.005
betweenness,9,42,0.8457817294125551,13.0,-1.0,25.976678387195516,0.3,0.005
random,0,10,0.01643860159906833,-1.0,-1.0,0.16996259882197484,0.3,0.01
random,1,8,0.01699103416870096,-1.0,-1.0,0.14163176636581487,0.3,0.01
random,2,9,0.016632699528939254,-1.0,-1.0,0.15627869476607464,0.3,0.01
random,3,8,0.017088083133636425,-1.0,-1.0,0.14280381925003544,0.3,0.01
random,4,8,0.01681186684882011,-1.0,-1.0,0.141034541966212,0.3,0.01
random,6,8,0.0157816547595052,-1.0,-1.0,0.13336767373631048,0.3,0.01
random,8,7,0.015871238419445627,-1.0,-1.0,0.11865355759109539,0.3,0.01
random,7,11,0.01643860159906833,-1.0,-1.0,0.18563227400655452,0.3,0.01
random,5,16,0.017640515703269057,-1.0,-1.0,0.285622569110061,0.3,0.01
random,9,8,0.015684605794569737,-1.0,-1.0,0.13280777586168283,0.3,0.01
degree,0,29,0.8474763536464283,6.0,-1.0,20.33195225190925,0.3,0.01
degree,1,29,0.8474763536464283,6.0,-1.0,20.33195225190925,0.3,0.01
degree,2,29,0.8474763536464283,6.0,-1.0,20.33195225190925,0.3,0.01
degree,3,29,0.8474763536464283,6.0,-1.0,20.33195225190925,0.3,0.01
degree,4,29,0.8474763536464283,6.0,-1.0,20.33195225190925,0.3,0.01
degree,5,29,0.8474763536464283,6.0,-1.0,20.33195225190925,0.3,0.01
degree,6,29,0.8474763536464283,6.0,-1.0,20.33195225190925,0.3,0.01
degree,7,29,0.8474763536464283,6.0,-1.0,20.33195225190925,0.3,0.01
degree,8,29,0.8474763536464283,6.0,-1.0,20.33195225190925,0.3,0.01
degree,9,29,0.8474763536464283,6.0,-1.0,20.33195225190925,0.3,0.01
betweenness,0,28,0.8475734026113637,7.0,-1.0,19.286988719924153,0.3,0.01
betweenness,1,28,0.8475734026113637,7.0,-1.0,19.286988719924153,0.3,0.01
betweenness,2,28,0.8475734026113637,7.0,-1.0,19.286988719924153,0.3,0.01
betweenness,3,28,0.8475734026113637,7.0,-1.0,19.286988719924153,0.3,0.01
betweenness,4,28,0.8475734026113637,7.0,-1.0,19.286988719924153,0.3,0.01
betweenness,5,28,0.8475734026113637,7.0,-1.0,19.286988719924153,0.3,0.01
betweenness,6,28,0.8475734026113637,7.0,-1.0,19.286988719924153,0.3,0.01
betweenness,7,28,0.8475734026113637,7.0,-1.0,19.286988719924153,0.3,0.01
betweenness,8,28,0.8475734026113637,7.0,-1.0,19.286988719924153,0.3,0.01
betweenness,9,28,0.8475734026113637,7.0,-1.0,19.286988719924153,0.3,0.01
random,0,10,0.03522130896657783,-1.0,-1.0,0.361589512739543,0.3,0.02
random,1,11,0.03398206833740192,-1.0,-1.0,0.3843064358394362,0.3,0.02
random,2,9,0.033041439908027444,-1.0,-1.0,0.31111658566810746,0.3,0.02
random,3,10,0.0333475174128239,-1.0,-1.0,0.3460542130448739,0.3,0.02
random,4,9,0.03137667689413451,-1.0,-1.0,0.29619344098303135,0.3,0.02
random,5,12,0.03392234589744164,-1.0,-1.0,0.4174001328824289,0.3,0.02
random,6,16,0.03319074600792815,-1.0,-1.0,0.5430860077788479,0.3,0.02
random,9,8,0.03227251349353878,-1.0,-1.0,0.2723492568288877,0.3,0.02
random,8,12,0.035012280426716835,-1.0,-1.0,0.4291355923346249,0.3,0.02
degree,0,26,0.8504475450344524,4.0,-1.0,19.688838622501923,0.3,0.02
random,7,16,0.035460198726418965,-1.0,-1.0,0.5714467014549878,0.3,0.02
degree,1,26,0.8504475450344524,4.0,-1.0,19.688838622501923,0.3,0.02
degree,2,26,0.8504475450344524,4.0,-1.0,19.688838622501923,0.3,0.02
degree,3,26,0.8504475450344524,4.0,-1.0,19.688838622501923,0.3,0.02
degree,4,26,0.8504475450344524,4.0,-1.0,19.688838622501923,0.3,0.02
degree,5,26,0.8504475450344524,4.0,-1.0,19.688838622501923,0.3,0.02
degree,6,26,0.8504475450344524,4.0,-1.0,19.688838622501923,0.3,0.02
degree,7,26,0.8504475450344524,4.0,-1.0,19.688838622501923,0.3,0.02
degree,8,26,0.8504475450344524,4.0,-1.0,19.688838622501923,0.3,0.02
degree,9,26,0.8504475450344524,4.0,-1.0,19.688838622501923,0.3,0.02
betweenness,0,25,0.8521720304883056,4.0,-1.0,19.051495673855754,0.3,0.02
betweenness,1,25,0.8521720304883056,4.0,-1.0,19.051495673855754,0.3,0.02
betweenness,2,25,0.8521720304883056,4.0,-1.0,19.051495673855754,0.3,0.02
betweenness,3,25,0.8521720304883056,4.0,-1.0,19.051495673855754,0.3,0.02
betweenness,4,25,0.8521720304883056,4.0,-1.0,19.051495673855754,0.3,0.02
betweenness,5,25,0.8521720304883056,4.0,-1.0,19.051495673855754,0.3,0.02
betweenness,6,25,0.8521720304883056,4.0,-1.0,19.051495673855754,0.3,0.02
betweenness,7,25,0.8521720304883056,4.0,-1.0,19.051495673855754,0.3,0.02
betweenness,8,25,0.8521720304883056,4.0,-1.0,19.051495673855754,0.3,0.02
betweenness,9,25,0.8521720304883056,4.0,-1.0,19.051495673855754,0.3,0.02
random,4,20,0.09717587512037805,-1.0,-1.0,1.9052279530880234,0.3,0.05
degree,1,18,0.8617201555769561,2.0,-1.0,14.508036400827155,0.3,0.05
random,3,21,0.09562309168141064,-1.0,-1.0,1.9813367375124114,0.3,0.05
degree,0,18,0.8617201555769561,2.0,-1.0,14.508036400827155,0.3,0.05
random,2,26,0.09566041820638582,-1.0,-1.0,2.4637148850716297,0.3,0.05
random,0,29,0.09985591961359581,-1.0,-1.0,2.841952027950102,0.3,0.05
degree,2,18,0.8617201555769561,2.0,-1.0,14.508036400827155,0.3,0.05
random,5,24,0.0996618216837249,-1.0,-1.0,2.3649041081573388,0.3,0.05
degree,3,18,0.8617201555769561,2.0,-1.0,14.508036400827155,0.3,0.05
random,7,18,0.09740729957522415,-1.0,-1.0,1.7358401827506664,0.3,0.05
random,6,21,0.09562309168141064,-1.0,-1.0,1.9835016759609716,0.3,0.05
degree,4,18,0.8617201555769561,2.0,-1.0,14.508036400827155,0.3,0.05
random,9,18,0.09968421759870999,-1.0,-1.0,1.7695087082782768,0.3,0.05
degree,5,18,0.8617201555769561,2.0,-1.0,14.508036400827155,0.3,0.05
degree,6,18,0.8617201555769561,2.0,-1.0,14.508036400827155,0.3,0.05
random,1,37,0.09381648787261204,-1.0,-1.0,3.433465469231745,0.3,0.05
degree,7,18,0.8617201555769561,2.0,-1.0,14.508036400827155,0.3,0.05
degree,8,18,0.8617201555769561,2.0,-1.0,14.508036400827155,0.3,0.05
degree,9,18,0.8617201555769561,2.0,-1.0,14.508036400827155,0.3,0.05
betweenness,0,18,0.8744111740685165,2.0,-1.0,14.83118705814726,0.3,0.05
betweenness,1,18,0.8744111740685165,2.0,-1.0,14.83118705814726,0.3,0.05
betweenness,2,18,0.8744111740685165,2.0,-1.0,14.83118705814726,0.3,0.05
betweenness,3,18,0.8744111740685165,2.0,-1.0,14.83118705814726,0.3,0.05
betweenness,4,18,0.8744111740685165,2.0,-1.0,14.83118705814726,0.3,0.05
random,8,37,0.10144602957753839,-1.0,-1.0,3.6457115555456014,0.3,0.05
betweenness,5,18,0.8744111740685165,2.0,-1.0,14.83118705814726,0.3,0.05
betweenness,6,18,0.8744111740685165,2.0,-1.0,14.83118705814726,0.3,0.05
betweenness,7,18,0.8744111740685165,2.0,-1.0,14.83118705814726,0.3,0.05
betweenness,8,18,0.8744111740685165,2.0,-1.0,14.83118705814726,0.3,0.05
betweenness,9,18,0.8744111740685165,2.0,-1.0,14.83118705814726,0.3,0.05
